TIME,ARDUINO_TIME,SYNC,M1_temperature,M1_add_cur,M1_tgt_cur,M1_current,M1_velocity,M1_angle,M1_mode,M2_temperature,M2_add_cur,M2_tgt_cur,M2_current,M2_velocity,M2_angle,M2_mode
4.475807189941406,2475,16,30,0,630,481,683,69.00,0,28,0,-90,0,0,0.00,0
4.488638877868652,2484,16,30,0,0,570,1032,70.00,1,28,0,-90,-2,0,0.00,0
4.496347904205322,2490,16,30,0,0,239,8,71.00,1,28,0,-90,0,8,0.00,0
4.501262664794922,2498,16,30,0,0,166,-821,71.00,1,28,0,-90,0,-16,0.00,0
4.508946657180786,2504,16,30,0,0,125,-1376,70.00,1,28,0,-90,-9,0,0.00,0
4.51361608505249,2511,16,30,0,0,70,-1680,68.00,1,28,0,-90,9,0,0.00,0
4.521172761917114,2517,16,30,0,0,45,-1884,66.00,1,28,0,-90,1,16,0.00,0
4.529331207275391,2523,16,30,0,0,16,-1928,64.00,1,28,0,-90,2,0,0.00,0
4.534357309341431,2530,16,30,0,0,7,-1864,62.00,1,28,0,-90,-8,0,0.00,0
4.54162073135376,2537,16,30,0,0,1,-1790,60.00,1,28,0,-90,5,19,0.00,0
4.546400308609009,2544,16,30,0,0,-7,-1719,58.00,1,28,0,-90,9,21,0.00,0
4.554240703582764,2550,16,30,0,0,-7,-1689,56.00,1,28,0,-90,6,54,0.00,0
4.562051773071289,2556,16,30,0,0,-2,-1636,54.00,1,28,0,-90,8,87,0.00,0
4.5663371086120605,2563,16,30,0,0,-12,-1571,53.00,1,28,0,-90,-3,104,0.00,0
4.574383020401001,2569,16,30,0,0,-17,-1551,51.00,1,28,0,-90,4,101,0.00,0
4.5823798179626465,2576,16,30,0,0,-11,-1494,49.00,1,28,0,-90,4,79,0.00,0
4.587077617645264,2583,16,30,0,0,-14,-1428,48.00,1,28,0,-90,3,74,0.00,0
4.594793796539307,2590,16,30,0,0,-14,-1370,46.00,1,28,0,-90,10,74,0.00,0
4.599527597427368,2596,16,30,0,0,-17,-1337,44.00,1,28,0,-90,6,68,0.00,0
4.607372283935547,2603,16,30,0,0,-13,-1268,43.00,1,28,0,-90,2,43,0.00,0
4.615262031555176,2609,16,30,0,0,-16,-1233,42.00,1,28,0,-90,5,32,0.00,0
4.619670629501343,2616,16,30,0,0,-10,-1189,40.00,1,28,0,-95,6,16,1.00,0
4.627699136734009,2623,16,30,0,0,-9,-1126,39.00,1,28,0,-95,5,8,1.00,0
4.6323082447052,2630,16,30,0,0,-14,-1104,38.00,1,28,0,-95,5,0,1.00,0
4.640115261077881,2636,16,30,0,0,-3,-1057,36.00,1,28,0,-95,4,0,1.00,0
4.647929906845093,2642,16,30,0,0,-15,-1027,35.00,1,28,0,-95,-6,0,1.00,0
4.652412414550781,2649,16,30,0,0,-11,-997,34.00,1,28,0,-95,4,0,1.00,0
4.660460710525513,2655,16,30,0,0,-6,-972,33.00,1,28,0,-95,-6,0,1.00,0
4.664793014526367,2661,16,30,0,0,-3,-903,32.00,1,28,0,-95,2,0,1.00,0
4.6728503704071045,2669,16,30,0,0,-9,-859,31.00,1,28,0,-95,6,0,1.00,0
4.68077540397644,2675,16,30,0,0,1,-818,30.00,1,28,0,-95,-7,0,1.00,0
4.685058116912842,2681,16,30,0,0,-19,-807,29.00,1,28,0,-95,4,0,1.00,0
4.693220138549805,2688,16,30,0,0,-21,-771,28.00,1,28,0,-95,-1,0,1.00,0
4.697831153869629,2694,16,30,0,0,-10,-752,28.00,1,28,0,-95,3,0,1.00,0
4.705396413803101,2700,16,30,0,0,-5,-719,27.00,1,28,0,-95,6,0,1.00,0
4.713334083557129,2708,16,30,0,0,-4,-719,26.00,1,28,0,-95,-4,0,1.00,0
4.717830181121826,2714,16,30,0,0,-9,-678,25.00,1,28,0,-95,5,0,1.00,0
4.725783824920654,2720,16,30,0,0,-9,-664,24.00,1,28,0,-95,1,0,1.00,0
4.7303712368011475,2727,16,30,0,0,-8,-642,24.00,1,28,0,-95,4,0,1.00,0
4.7382519245147705,2733,16,30,0,0,-8,-615,23.00,1,28,0,-95,4,0,1.00,0
4.7425856590271,2739,16,30,0,0,-11,-623,22.00,1,28,0,-95,4,0,1.00,0
4.750565767288208,2746,16,30,0,0,-6,-541,22.00,1,28,0,-95,-6,0,1.00,0
4.7585859298706055,2753,16,30,0,0,-6,-557,21.00,1,28,0,-95,4,21,1.00,0
4.763145685195923,2759,16,30,0,0,-8,-541,21.00,1,28,0,-95,3,0,1.00,0
4.7708351612091064,2766,16,30,0,0,-8,-505,20.00,1,28,0,-95,-9,5,1.00,0
4.7755279541015625,2772,16,30,0,0,-17,-527,19.00,1,28,0,-95,-13,0,1.00,0
4.783185958862305,2778,16,30,0,0,-1,-497,19.00,1,28,0,-95,-16,0,1.00,0
4.791335821151733,2785,16,30,0,0,-13,-494,18.00,1,28,0,-95,3,13,1.00,0
4.795636892318726,2791,16,30,0,0,5,-530,18.00,1,28,0,-95,5,0,1.00,0
4.8036510944366455,2799,16,30,0,0,-3,-530,17.00,1,28,0,-95,4,0,1.00,0
4.808495759963989,2805,16,30,0,0,8,-527,17.00,1,28,0,-95,-8,0,1.00,0
4.815912485122681,2811,16,30,0,0,-1,-508,16.00,1,28,0,-95,8,19,1.00,0
4.820892095565796,2818,16,30,0,0,13,-491,15.00,1,28,0,-95,-7,0,1.00,0
4.828603029251099,2824,16,30,0,0,2,-466,15.00,1,28,0,-95,-6,0,1.00,0
4.839553594589233,2830,16,30,0,0,12,-417,14.00,1,28,0,-95,-6,0,1.00,0
4.841365575790405,2838,16,30,0,0,-6,-384,14.00,1,28,0,-95,4,10,1.00,0
4.848827838897705,2844,16,30,0,0,-10,-373,14.00,1,28,0,-95,4,0,1.00,0
4.853498697280884,2850,16,30,0,0,-10,-326,13.00,1,28,0,-95,-4,0,1.00,0
4.861290693283081,2857,16,30,0,0,-8,-249,13.00,1,28,0,-95,-3,13,1.00,0
4.869116306304932,2863,16,30,0,0,-9,-219,13.00,1,28,0,-95,3,19,1.00,0
4.87485408782959,2869,16,30,0,0,-3,-197,12.00,1,28,0,-95,3,8,1.00,0
4.881426095962524,2876,16,30,0,0,-4,-195,12.00,1,28,0,-95,8,2,1.00,0
4.88588285446167,2883,16,30,0,0,-8,-151,12.00,1,28,0,-95,5,19,1.00,0
4.89380955696106,2889,16,30,0,0,-5,-98,12.00,1,28,0,-95,9,27,1.00,0
4.901734828948975,2896,16,30,0,0,-6,-35,12.00,1,28,0,-95,-1,27,1.00,0
4.906550407409668,2902,16,30,0,0,-7,0,12.00,1,28,0,-95,-2,24,1.00,0
4.914173126220703,2908,16,30,0,0,-7,19,12.00,1,28,0,-95,1,41,1.00,0
4.918591499328613,2915,16,30,0,0,21,13,12.00,1,28,0,-95,2,49,1.00,0
4.926496505737305,2922,16,30,0,0,-7,0,12.00,1,28,0,-95,3,43,1.00,0
4.930957078933716,2928,16,30,0,0,-3,-85,12.00,1,28,0,-95,6,46,1.00,0
4.938932418823242,2934,16,30,0,0,-3,-247,11.00,1,28,0,-95,5,30,1.00,0
4.9469640254974365,2941,16,30,0,0,9,-420,11.00,1,28,0,-95,-1,16,1.00,0
4.951275825500488,2947,16,30,0,0,20,-574,11.00,1,28,0,-95,-1,0,1.00,0
4.959450006484985,2954,16,30,0,218,12,-606,10.00,0,28,0,-95,-4,0,1.00,0
4.967529535293579,2963,16,30,0,153,127,-93,9.00,0,28,0,-95,-2,0,1.00,0
4.976148843765259,2972,16,30,0,153,108,175,9.00,0,28,0,-95,-1,0,1.00,0
4.98426628112793,2981,16,30,0,153,148,252,9.00,0,28,0,-95,-11,13,1.00,0
4.9961442947387695,2990,16,30,0,218,165,197,10.00,0,28,0,-95,0,-2,1.00,0
5.004613399505615,2999,16,30,0,218,206,236,10.00,0,28,0,-95,-6,0,1.00,0
5.012973308563232,3009,16,30,0,218,222,227,10.00,0,28,0,-95,-3,0,1.00,0
5.02160906791687,3018,16,30,0,308,230,205,11.00,0,28,0,-95,-2,0,1.00,0
5.032890558242798,3027,16,30,0,308,273,420,11.00,0,28,0,-95,-10,21,1.00,0
5.04147744178772,3036,16,30,0,431,277,631,12.00,0,28,0,-95,-2,0,1.00,0
5.049647569656372,3045,16,30,0,594,385,991,13.00,0,28,0,-95,-7,0,1.00,0
5.058377265930176,3055,16,30,0,630,518,1593,14.00,0,28,0,-95,0,0,1.00,0
5.06995964050293,3064,16,30,0,630,579,1914,17.00,0,28,0,-95,-8,0,1.00,0
5.07831597328186,3073,16,30,0,630,633,1864,20.00,0,28,0,-95,-2,0,1.00,0
5.086536407470703,3082,16,30,0,630,710,1296,22.00,0,28,0,-95,-7,0,1.00,0
5.098193168640137,3092,16,30,0,630,715,697,24.00,0,28,0,-95,-2,0,1.00,0
5.106795310974121,3101,16,30,0,630,712,101,25.00,0,28,0,-95,-5,21,1.00,0
5.115036249160767,3110,16,30,0,630,647,-30,26.00,0,28,0,-95,5,0,1.00,0
5.123420000076294,3119,16,30,0,630,617,54,26.00,0,28,0,-95,-3,0,1.00,0
5.131721019744873,3128,16,30,0,630,609,255,26.00,0,28,0,-95,-3,0,1.00,0
5.143592119216919,3138,16,30,0,630,608,450,26.00,0,28,0,-95,-3,0,1.00,0
5.1518166065216064,3147,16,30,0,630,618,508,27.00,0,28,0,-95,-2,0,1.00,0
5.16018271446228,3156,16,30,0,630,612,601,28.00,0,28,0,-95,10,0,1.00,0
5.168562412261963,3165,16,30,0,630,638,585,28.00,0,28,0,-95,-4,0,1.00,0
5.18032431602478,3174,16,30,0,630,646,574,29.00,0,28,0,-95,0,0,1.00,0
5.1892242431640625,3184,16,30,0,630,631,571,30.00,0,28,0,-95,-5,13,1.00,0
5.197494983673096,3193,16,30,0,630,623,650,31.00,0,28,0,-95,-3,16,1.00,0
5.208755731582642,3202,16,30,0,630,602,834,32.00,0,28,0,-95,5,27,1.00,0
5.219357013702393,3211,16,30,0,630,596,1093,33.00,0,28,0,-95,-6,30,1.00,0
5.225733041763306,3221,16,30,0,630,606,1183,35.00,0,28,0,-95,-2,5,1.00,0
5.234222650527954,3230,16,30,0,630,607,1356,37.00,0,28,0,-95,-2,0,1.00,0
5.245593786239624,3239,16,30,0,630,609,1499,39.00,0,28,0,-95,1,0,1.00,0
5.254063606262207,3248,16,30,0,630,631,1538,41.00,0,28,0,-95,-7,0,1.00,0
5.262672424316406,3257,16,30,0,630,609,1598,44.00,0,28,0,-95,2,-10,1.00,0
5.2711145877838135,3267,16,30,0,630,633,1631,46.00,0,28,0,-95,-7,0,1.00,0
5.282572507858276,3276,16,30,0,630,619,1757,49.00,0,28,0,-95,1,0,1.00,0
5.291211843490601,3285,16,30,0,630,622,1812,51.00,0,28,0,-95,7,0,1.00,0
5.299604177474976,3294,16,30,0,630,627,1878,54.00,0,28,0,-95,6,-19,1.00,0
5.3078343868255615,3303,16,30,0,630,623,1906,57.00,0,28,0,-95,-5,0,1.00,0
5.3194639682769775,3313,16,30,0,630,603,1952,60.00,0,28,0,-95,5,-24,1.00,0
5.327836751937866,3323,16,30,0,630,604,2037,63.00,0,28,0,-95,4,0,1.00,0
5.3362226486206055,3332,16,30,0,630,616,2087,66.00,0,28,0,-95,-1,-5,1.00,0
5.344799280166626,3341,16,30,0,0,638,2178,70.00,1,28,0,-95,2,0,1.00,0
5.352563142776489,3348,16,30,0,0,307,1068,72.00,1,28,0,-95,7,0,1.00,0
5.360637426376343,3355,16,30,0,0,213,76,73.00,1,28,0,-95,-2,0,1.00,0
5.365116119384766,3361,16,30,0,0,148,-601,73.00,1,28,0,-95,-6,8,1.00,0
5.37313437461853,3367,16,30,0,0,90,-1002,72.00,1,28,0,-95,0,0,1.00,0
5.377735614776611,3374,16,30,0,0,47,-1172,71.00,1,28,0,-95,-2,0,1.00,0
5.385555267333984,3380,16,30,0,0,13,-1200,70.00,1,28,0,-95,-5,21,1.00,0
5.393418788909912,3387,16,30,0,0,3,-1153,68.00,1,28,0,-95,-1,-21,1.00,0
5.398123741149902,3394,16,30,0,0,0,-1071,67.00,1,28,0,-95,-2,0,1.00,0
5.405759811401367,3401,16,30,0,0,-12,-994,66.00,1,28,0,-95,-4,16,1.00,0
5.410569906234741,3407,16,30,0,0,-11,-953,65.00,1,28,0,-95,-2,0,1.00,0
5.418317079544067,3413,16,30,0,0,-7,-881,64.00,1,28,0,-95,-2,30,1.00,0
5.426192283630371,3420,16,30,0,0,-12,-843,63.00,1,28,0,-95,4,57,1.00,0
5.43074107170105,3426,16,30,0,0,-8,-769,62.00,1,28,0,-95,-11,85,1.00,0
5.438604116439819,3434,16,30,0,0,-11,-711,61.00,1,28,0,-95,4,76,1.00,0
5.443388938903809,3440,16,30,0,0,-18,-678,60.00,1,28,0,-95,7,38,1.00,0
5.451091766357422,3446,16,30,0,0,-14,-620,60.00,1,28,0,-95,3,0,1.00,0
5.45897102355957,3453,16,30,0,0,-5,-606,59.00,1,28,0,-95,7,-41,1.00,0
5.463598012924194,3459,16,30,0,0,-16,-552,58.00,1,28,0,-95,-6,-57,1.00,0
5.47158145904541,3466,16,30,0,0,-17,-497,58.00,1,28,0,-95,-6,-60,1.00,0
5.479207277297974,3472,16,30,0,0,-6,-488,57.00,1,28,0,-95,0,-43,1.00,0
5.483675479888916,3479,16,30,0,0,-12,-417,57.00,1,28,0,-95,-1,-30,1.00,0
5.491706132888794,3486,16,30,0,0,-14,-390,56.00,1,28,0,-95,0,-19,1.00,0
5.496114730834961,3492,16,30,0,0,-7,-384,56.00,1,28,0,-95,-7,0,1.00,0
5.50402569770813,3499,16,30,0,0,-15,-315,55.00,1,28,0,-95,-7,0,1.00,0
5.509056568145752,3505,16,30,0,0,-15,-230,55.00,1,28,0,-95,-5,0,1.00,0
5.5166847705841064,3511,16,30,0,0,-7,-195,55.00,1,28,0,-95,0,0,1.00,0
5.524451732635498,3519,16,30,0,0,-12,-145,55.00,1,28,0,-95,-3,0,1.00,0
5.528809309005737,3525,16,30,0,0,-21,-109,54.00,1,28,0,-95,11,0,1.00,0
5.536886692047119,3531,16,30,0,0,-10,-101,54.00,1,28,0,-95,-3,0,1.00,0
5.541773796081543,3538,16,30,0,0,-11,-98,54.00,1,28,0,-95,11,0,1.00,0
5.549257755279541,3544,16,30,0,0,-15,-60,54.00,1,28,0,-95,-4,0,1.00,0
5.557291030883789,3550,16,30,0,0,-9,-46,54.00,1,28,0,-95,0,0,1.00,0
5.561614274978638,3557,16,30,0,0,-15,-43,54.00,1,28,0,-95,-7,0,1.00,0
5.569586277008057,3564,16,30,0,0,3,-43,54.00,1,28,0,-95,3,0,1.00,0
5.574510335922241,3570,16,30,0,0,-12,-43,54.00,1,28,0,-95,0,0,1.00,0
5.581957578659058,3577,16,30,0,0,20,-30,54.00,1,28,0,-95,-1,0,1.00,0
5.586627006530762,3583,16,30,0,0,0,-24,54.00,1,28,0,-95,-3,0,1.00,0
5.594714641571045,3589,16,30,0,0,2,-24,54.00,1,28,0,-95,0,0,1.00,0
5.60221004486084,3595,16,30,0,0,-2,0,54.00,1,28,0,-95,-3,0,1.00,0
5.606959342956543,3603,16,30,0,0,3,0,54.00,1,28,0,-95,-7,0,1.00,0
5.6145031452178955,3609,16,30,0,0,-4,0,54.00,1,28,0,-95,-2,0,1.00,0
5.61928915977478,3615,16,30,0,0,-5,-19,54.00,1,28,0,-95,0,0,1.00,0
5.627209186553955,3621,16,30,0,0,-2,0,54.00,1,28,0,-95,-3,0,1.00,0
5.631776809692383,3627,16,30,0,0,-8,0,54.00,1,28,0,-95,-1,0,1.00,0
5.639663457870483,3634,16,30,0,0,19,-10,54.00,1,28,0,-95,-6,0,1.00,0
5.643810272216797,3640,16,30,0,0,-5,-46,54.00,1,28,0,-95,-2,0,1.00,0
5.651654243469238,3647,16,30,0,0,3,-123,54.00,1,28,0,-95,-3,0,1.00,0
5.659677028656006,3654,16,30,0,0,5,-216,54.00,1,28,0,-95,2,0,1.00,0
5.66434121131897,3660,16,30,0,0,15,-387,53.00,1,28,0,-95,-6,0,1.00,0
5.672075271606445,3666,16,30,0,0,23,-554,53.00,1,28,0,-95,-6,0,1.00,0
5.676556348800659,3673,16,30,0,0,19,-626,52.00,1,28,0,-95,7,0,1.00,0
5.6843791007995605,3679,16,30,0,0,9,-681,51.00,1,28,0,-95,-1,0,1.00,0
5.692357778549194,3685,16,30,0,0,10,-694,51.00,1,28,0,-95,-3,0,1.00,0
5.696977853775024,3693,16,30,0,0,-1,-656,50.00,1,28,0,-95,-1,0,1.00,0
5.7047953605651855,3699,16,30,0,0,0,-653,49.00,1,28,0,-95,1,0,1.00,0
5.709516525268555,3705,16,30,0,0,-3,-606,49.00,1,28,0,-95,-1,0,1.00,0
5.717013835906982,3712,16,30,0,0,4,-615,48.00,1,28,0,-95,-7,0,1.00,0
5.721940040588379,3718,16,30,0,0,2,-722,47.00,1,28,0,-95,-3,0,1.00,0
5.729430198669434,3724,16,30,0,0,19,-925,46.00,1,28,0,-95,0,0,1.00,0
5.737409830093384,3732,16,30,0,0,19,-1007,45.00,1,28,0,-95,-5,0,1.00,0
5.7420899868011475,3738,16,30,0,0,10,-1084,44.00,1,28,0,-95,0,13,1.00,0
5.749912261962891,3744,16,30,0,0,5,-1027,43.00,1,28,0,-95,6,-10,1.00,0
5.7547619342803955,3751,16,30,0,0,2,-1013,42.00,1,28,0,-95,-1,0,1.00,0
5.762287378311157,3757,16,30,0,0,-5,-1027,41.00,1,28,0,-95,-1,2,1.00,0
5.770343065261841,3764,16,30,0,0,1,-1035,40.00,1,28,0,-95,0,0,1.00,0
5.775020599365234,3770,16,30,0,0,2,-1131,39.00,1,28,0,-95,-6,10,1.00,0
5.78277587890625,3777,16,30,0,0,9,-1181,37.00,1,28,0,-95,-3,0,1.00,0
5.78805136680603,3784,16,30,0,0,12,-1208,36.00,1,28,0,-95,8,21,1.00,0
5.795180797576904,3790,16,30,0,0,-1,-1194,35.00,1,28,0,-95,1,0,1.00,0
5.80292534828186,3796,0,30,0,0,-4,-1131,33.00,1,28,0,-95,-3,0,1.00,0
5.807367563247681,3803,16,30,0,0,0,-1120,32.00,1,28,0,-95,-1,19,1.00,0
5.815488815307617,3809,16,30,0,0,-1,-1098,31.00,1,28,0,-95,-2,0,1.00,0
5.819759130477905,3817,16,30,0,0,-2,-1104,30.00,1,28,0,-95,-6,0,1.00,0
5.828583240509033,3823,16,30,0,0,-8,-1131,29.00,1,28,0,-95,0,0,1.00,0
5.835695028305054,3829,0,30,0,0,3,-1211,27.00,1,28,0,-95,1,0,1.00,0
5.840126276016235,3836,16,30,0,0,7,-1290,26.00,1,28,0,-95,1,0,1.00,0
5.848047494888306,3842,16,30,0,0,5,-1340,25.00,1,28,0,-95,0,0,1.00,0
5.852501153945923,3848,16,30,0,0,12,-1389,23.00,1,28,0,-95,3,-24,1.00,0
5.8606791496276855,3855,16,30,0,0,6,-1455,22.00,1,28,0,-95,-1,0,1.00,0
5.868544340133667,3862,16,30,0,0,14,-1571,20.00,1,28,0,-95,-7,0,1.00,0
5.873054027557373,3869,16,30,0,0,25,-1658,18.00,1,28,0,-95,-3,0,1.00,0
5.880735635757446,3875,16,30,0,0,10,-1625,16.00,1,28,0,-95,-4,0,1.00,0
5.8852622509002686,3881,0,30,0,0,-5,-1601,15.00,1,28,0,-95,0,-10,1.00,0
5.8933000564575195,3888,16,30,0,0,-6,-1529,13.00,1,28,0,-95,0,0,1.00,0
5.9012064933776855,3894,16,30,0,0,-6,-1469,11.00,1,28,0,-95,8,-21,1.00,0
5.906150579452515,3900,16,30,0,218,-8,-1373,10.00,0,28,0,-95,0,0,1.00,0
5.914316892623901,3910,16,30,0,106,86,-777,8.00,0,28,0,-95,-3,0,1.00,0
5.92555570602417,3919,16,30,0,75,52,-329,7.00,0,28,0,-95,-10,0,1.00,0
5.934021472930908,3928,16,30,0,54,46,-90,6.00,0,28,0,-95,-1,0,1.00,0
5.94233250617981,3937,16,30,0,54,40,38,6.00,0,28,0,-95,6,0,1.00,0
5.950592756271362,3946,16,30,0,54,44,85,6.00,0,28,0,-95,-6,0,1.00,0
5.958962678909302,3955,16,30,0,54,44,123,6.00,0,28,0,-95,0,0,1.00,0
5.970550537109375,3964,16,30,0,54,57,134,6.00,0,28,0,-95,1,0,1.00,0
5.978940725326538,3973,16,30,0,54,64,93,6.00,0,28,0,-95,-2,0,1.00,0
5.987578630447388,3982,16,30,0,75,58,85,7.00,0,28,0,-95,-2,0,1.00,0
5.996022462844849,3991,16,30,0,75,73,153,7.00,0,28,0,-95,-1,0,1.00,0
6.004414796829224,4000,16,30,0,75,68,203,7.00,0,28,0,-95,-5,0,1.00,0
6.015761852264404,4009,16,30,0,75,85,156,7.00,0,28,0,-95,-9,0,1.00,0
6.0241968631744385,4018,16,30,0,75,86,68,7.00,0,28,0,-95,-1,0,1.00,0
6.0325376987457275,4027,16,30,0,106,103,-129,8.00,0,28,0,-95,-3,0,1.00,0
6.0409486293792725,4036,16,30,0,75,110,-167,7.00,0,28,0,-95,-2,0,1.00,0
6.04938006401062,4045,16,30,0,75,92,-192,7.00,0,28,0,-95,-2,0,1.00,0
6.06085467338562,4054,16,30,0,75,85,-296,7.00,0,28,0,-95,0,0,1.00,0
6.0691609382629395,4063,16,30,0,54,72,-351,6.00,0,28,0,-95,-3,10,1.00,0
6.078007459640503,4073,16,30,0,54,69,-398,6.00,0,28,0,-95,2,-21,1.00,0
6.086115837097168,4082,16,30,0,41,46,-310,5.00,0,28,0,-95,-9,0,1.00,0
6.094562768936157,4091,16,30,0,41,41,-277,5.00,0,28,0,-95,6,0,1.00,0
6.105899333953857,4099,16,30,0,33,31,-197,4.00,0,28,0,-95,-6,0,1.00,0
6.114276647567749,4108,16,30,0,33,28,-52,4.00,0,28,0,-95,-2,0,1.00,0
6.12256383895874,4117,16,30,0,33,23,57,4.00,0,28,0,-95,-3,0,1.00,0
6.130908966064453,4126,16,30,0,33,21,90,4.00,0,28,0,-95,-6,0,1.00,0
6.139149904251099,4134,16,30,0,33,21,87,4.00,0,28,0,-95,-1,0,1.00,0
6.147613763809204,4143,16,30,0,33,34,98,4.00,0,28,0,-95,-6,0,1.00,0
6.155716180801392,4151,16,30,0,33,34,109,4.00,0,28,0,-95,-1,0,1.00,0
6.163837671279907,4161,16,30,0,41,34,68,5.00,0,28,0,-95,-6,0,1.00,0
6.175565242767334,4169,16,30,0,41,41,65,5.00,0,28,0,-95,-1,0,1.00,0
6.183945894241333,4178,16,30,0,41,35,112,5.00,0,28,0,-95,3,13,1.00,0
6.192404270172119,4187,16,30,0,41,30,205,5.00,0,28,0,-95,-1,19,1.00,0
6.200822353363037,4196,16,30,0,41,34,307,5.00,0,28,0,-95,2,32,1.00,0
6.209258079528809,4206,16,30,0,54,36,302,6.00,0,28,0,-95,3,46,1.00,0
6.220796823501587,4215,16,30,0,54,49,324,6.00,0,28,0,-95,1,32,1.00,0
6.228961706161499,4223,16,30,0,75,34,447,7.00,0,28,0,-95,4,0,1.00,0
6.2377259731292725,4232,16,30,0,75,67,505,7.00,0,28,0,-95,-4,0,1.00,0
6.2456817626953125,4241,16,30,0,106,62,628,8.00,0,28,0,-95,5,-13,1.00,0
6.2573065757751465,4251,16,30,0,153,84,752,9.00,0,28,0,-95,4,-38,1.00,0
6.265728950500488,4260,16,30,0,218,117,975,10.00,0,28,0,-95,-2,-46,1.00,0
6.274273872375488,4269,16,30,0,431,177,1255,12.00,0,28,0,-95,2,-38,1.00,0
6.282466650009155,4278,16,30,0,630,328,1900,14.00,0,28,0,-95,-3,-27,1.00,0
6.294256210327148,4288,16,30,0,630,514,2724,17.00,0,28,0,-95,-2,0,1.00,0
6.302645683288574,4297,16,30,0,630,603,2837,21.00,0,28,0,-95,-2,-16,1.00,0
6.311095714569092,4306,16,30,0,630,729,2408,25.00,0,28,0,-95,-7,8,1.00,0
6.319947004318237,4315,16,30,0,630,771,1554,29.00,0,28,0,-95,-3,0,1.00,0
6.331277847290039,4324,16,30,0,630,730,862,31.00,0,28,0,-95,0,0,1.00,0
6.339758634567261,4334,16,30,0,630,688,576,33.00,0,28,0,-95,-1,0,1.00,0
6.3481974601745605,4343,16,30,0,630,634,722,34.00,0,28,0,-95,-8,0,1.00,0
6.356659173965454,4352,16,30,0,630,580,964,35.00,0,28,0,-95,3,8,1.00,0
6.3681416511535645,4361,16,30,0,630,607,1285,36.00,0,28,0,-95,-1,0,1.00,0
6.376522064208984,4371,16,30,0,630,642,1340,38.00,0,28,0,-95,-6,0,1.00,0
6.384989500045776,4380,16,30,0,630,642,1329,40.00,0,28,0,-95,-2,8,1.00,0
6.393427848815918,4389,16,30,0,630,661,1227,42.00,0,28,0,-95,-3,32,1.00,0
6.405012369155884,4398,16,30,0,630,637,1109,44.00,0,28,0,-95,-9,43,1.00,0
6.413355827331543,4407,16,30,0,630,661,1018,46.00,0,28,0,-95,5,41,1.00,0
6.421770334243774,4418,16,30,0,630,627,1093,48.00,0,28,0,-95,1,0,1.00,0
6.4334046840667725,4427,16,30,0,630,587,1307,49.00,0,28,0,-95,9,-19,1.00,0
6.442013740539551,4436,16,30,0,630,596,1543,51.00,0,28,0,-95,2,-21,1.00,0
6.450450897216797,4445,16,30,0,630,596,1793,54.00,0,28,0,-95,-1,-41,1.00,0
6.459605693817139,4454,16,30,0,630,593,1966,56.00,0,28,0,-95,0,-30,1.00,0
6.470472812652588,4464,16,30,0,630,596,2021,60.00,0,28,0,-95,-9,-5,1.00,0
6.478801250457764,4473,16,30,0,630,620,2142,63.00,0,28,0,-95,2,0,1.00,0
6.487144947052002,4482,16,30,0,630,625,2158,66.00,0,28,0,-95,-6,0,1.00,0
6.495571851730347,4491,16,30,0,0,640,2263,70.00,1,28,0,-95,-3,0,1.00,0
6.503742456436157,4499,16,30,0,0,312,1148,72.00,1,28,0,-95,-5,8,1.00,0
6.5151894092559814,4505,16,30,0,0,214,109,73.00,1,28,0,-95,1,0,1.00,0
6.5159077644348145,4511,16,30,0,0,133,-549,73.00,1,28,0,-95,-4,0,1.00,0
6.523968696594238,4518,16,30,0,0,97,-966,72.00,1,28,0,-95,-1,0,1.00,0
6.530660629272461,4524,16,30,0,0,50,-1120,71.00,1,28,0,-95,2,0,1.00,0
6.5362513065338135,4531,16,30,0,0,17,-1153,70.00,1,28,0,-95,1,0,1.00,0
6.544285774230957,4537,16,30,0,0,1,-1115,69.00,1,28,0,-95,-3,10,1.00,0
6.548996925354004,4544,16,30,0,0,-3,-1057,67.00,1,28,0,-95,2,24,1.00,0
6.5570228099823,4551,16,30,0,0,-2,-1002,66.00,1,28,0,-95,4,63,1.00,0
6.561221361160278,4557,16,30,0,0,-9,-917,65.00,1,28,0,-95,-5,96,1.00,0
6.5690367221832275,4564,16,30,0,0,-5,-878,64.00,1,28,0,-95,-4,126,1.00,0
6.577061653137207,4570,16,30,0,0,-6,-829,63.00,1,28,0,-109,2,145,2.00,0
6.5854432582855225,4578,16,30,0,0,-6,-738,62.00,1,28,0,-109,1,151,2.00,0
6.594158411026001,4588,16,30,0,0,1,-678,61.00,1,28,0,-109,5,148,2.00,0
6.601762294769287,4596,16,30,0,0,0,-637,60.00,1,28,0,-109,7,123,2.00,0
6.6101014614105225,4605,16,30,0,0,-11,-593,59.00,1,28,0,-109,8,101,2.00,0
6.6183576583862305,4613,16,30,0,0,-12,-527,58.00,1,28,0,-109,4,85,2.00,0
6.627229452133179,4621,16,30,0,0,-17,-486,58.00,1,28,0,-137,3,27,3.00,0
6.634887933731079,4631,16,30,0,0,-10,-414,57.00,1,28,0,-137,-6,-19,3.00,0
6.646873950958252,4640,16,30,0,0,-1,-359,56.00,1,28,0,-137,1,0,3.00,0
6.655081033706665,4649,16,30,0,0,1,-370,56.00,1,28,0,-137,-5,0,3.00,0
6.663440465927124,4657,16,30,0,0,-14,-293,55.00,1,28,0,-137,4,-8,3.00,0
6.671782732009888,4666,0,30,0,0,-2,-401,55.00,1,28,0,-137,2,0,3.00,0
6.679899454116821,4676,0,30,0,0,8,-521,54.00,1,28,0,-137,1,0,3.00,0
6.688392877578735,4684,0,30,0,0,-1,-469,53.00,1,28,0,-137,0,0,3.00,0
6.699754476547241,4693,0,30,0,0,-7,-411,53.00,1,28,0,-137,6,0,3.00,0
6.7083961963653564,4701,16,30,0,0,-13,-282,52.00,1,28,0,-137,4,0,3.00,0
6.716421842575073,4710,0,30,0,0,-10,-219,52.00,1,28,0,-137,5,0,3.00,0
6.72543478012085,4720,16,30,0,0,-8,-205,51.00,1,28,0,-137,0,2,3.00,0
6.733034372329712,4729,0,30,0,0,-1,-211,51.00,1,28,0,-137,6,-21,3.00,0
6.744657754898071,4737,16,30,0,0,-7,-118,51.00,1,28,0,-137,-5,0,3.00,0
6.753045558929443,4746,0,30,0,0,-6,-57,50.00,1,28,0,-137,3,0,3.00,0
6.761440753936768,4755,16,30,0,0,-12,0,50.00,1,28,0,-137,0,0,3.00,0
6.769663333892822,4764,0,30,0,0,10,0,50.00,1,28,0,-137,-4,0,3.00,0
6.778153896331787,4773,16,30,0,0,-13,0,50.00,1,28,0,-137,3,0,3.00,0
6.786229133605957,4781,0,30,0,0,-9,-21,50.00,1,28,0,-137,5,0,3.00,0
6.7945685386657715,4790,0,30,0,0,3,-148,50.00,1,28,0,-137,1,0,3.00,0
6.806058645248413,4799,0,30,0,0,9,-373,50.00,1,28,0,-137,1,0,3.00,0
6.814561605453491,4808,0,30,0,0,17,-628,50.00,1,28,0,-137,6,0,3.00,0
6.822906017303467,4817,0,30,0,0,11,-697,49.00,1,28,0,-137,1,0,3.00,0
6.83127236366272,4825,0,30,0,0,6,-714,48.00,1,28,0,-137,4,0,3.00,0
6.839427947998047,4834,0,30,0,0,24,-903,47.00,1,28,0,-137,7,0,3.00,0
6.847707033157349,4844,0,30,0,0,19,-1038,45.00,1,28,0,-137,5,0,3.00,0
6.859365701675415,4852,0,30,0,0,8,-1024,44.00,1,28,0,-137,-7,0,3.00,0
6.867674827575684,4861,0,30,0,0,9,-1032,42.00,1,28,0,-137,1,-21,3.00,0
6.876311302185059,4870,0,30,0,0,8,-1090,41.00,1,28,0,-137,10,0,3.00,0
6.884495258331299,4878,0,30,0,0,0,-1134,39.00,1,28,0,-137,5,19,3.00,0
6.892709970474243,4888,0,30,0,0,4,-1181,37.00,1,28,0,-137,1,0,3.00,0
6.901610851287842,4897,0,30,0,0,1,-1156,36.00,1,28,0,-137,-2,0,3.00,0
6.912849187850952,4905,0,30,0,0,0,-1120,34.00,1,28,0,-137,1,0,3.00,0
6.921163320541382,4914,0,30,0,0,-6,-1073,32.00,1,28,0,-137,5,0,3.00,0
6.929514646530151,4923,0,30,0,0,-8,-1002,31.00,1,28,0,-137,2,0,3.00,0
6.937817096710205,4932,0,30,0,0,-10,-991,29.00,1,28,0,-137,1,0,3.00,0
6.946141004562378,4941,0,30,0,0,-4,-966,28.00,1,28,0,-137,2,0,3.00,0
6.954676866531372,4950,0,30,0,0,-8,-917,26.00,1,28,0,-137,2,0,3.00,0
6.965786933898926,4958,0,30,0,0,3,-862,25.00,1,28,0,-137,-1,0,3.00,0
6.9743266105651855,4967,0,30,0,0,-11,-862,24.00,1,28,0,-137,3,0,3.00,0
6.9827821254730225,4976,0,30,0,0,2,-920,22.00,1,28,0,-137,5,0,3.00,0
6.990966320037842,4985,16,30,0,0,-5,-1005,21.00,1,28,0,-137,2,0,3.00,0
6.999385118484497,4994,0,30,0,0,12,-1142,19.00,1,28,0,-137,-2,0,3.00,0
7.008126258850098,5002,16,30,0,0,10,-1263,18.00,1,28,0,-137,3,0,3.00,0
7.019068002700806,5012,0,30,0,0,18,-1318,16.00,1,28,0,-137,3,0,3.00,0
7.027554035186768,5021,16,30,0,0,6,-1359,14.00,1,28,0,-137,1,0,3.00,0
7.035807132720947,5030,16,30,0,0,1,-1345,12.00,1,28,0,-137,2,0,3.00,0
7.0444018840789795,5038,16,30,0,218,-5,-1186,10.00,0,28,0,-137,1,0,3.00,0
7.056522846221924,5050,16,30,0,106,104,-387,8.00,0,28,0,-137,2,0,3.00,0
7.068474054336548,5061,16,30,0,75,53,93,7.00,0,28,0,-137,-1,0,3.00,0
7.077423810958862,5073,16,30,0,75,40,335,7.00,0,28,0,-137,0,-2,3.00,0
7.089635133743286,5084,16,30,0,75,76,329,7.00,0,28,0,-137,4,19,3.00,0
7.101577043533325,5095,16,30,0,106,83,313,8.00,0,28,0,-137,0,0,3.00,0
7.115493535995483,5107,16,30,0,153,109,351,9.00,0,28,0,-137,4,0,3.00,0
7.125657796859741,5118,16,30,0,153,147,420,9.00,0,28,0,-137,6,0,3.00,0
7.134817361831665,5130,16,30,0,218,165,362,10.00,0,28,0,-137,3,0,3.00,0
7.146995306015015,5142,16,30,0,308,210,480,11.00,0,28,0,-137,3,0,3.00,0
7.1590704917907715,5153,16,30,0,431,268,791,12.00,0,28,0,-137,1,16,3.00,0
7.171269416809082,5165,16,30,0,594,376,1266,13.00,0,28,0,-137,-2,0,3.00,0
7.18342661857605,5176,16,30,0,630,528,1884,16.00,0,28,0,-137,2,0,3.00,0
7.192247629165649,5188,16,30,0,630,655,1892,19.00,0,28,0,-137,4,0,3.00,0
7.204098224639893,5199,16,30,0,630,732,1230,23.00,0,28,0,-137,-5,0,3.00,0
7.2162721157073975,5211,16,30,0,630,709,521,25.00,0,28,0,-137,-3,0,3.00,0
7.228631019592285,5222,16,30,0,630,661,186,26.00,0,28,0,-137,3,0,3.00,0
7.240750312805176,5234,16,30,0,630,639,156,27.00,0,28,0,-137,-1,0,3.00,0
7.252721548080444,5245,16,30,0,630,638,175,27.00,0,28,0,-137,6,0,3.00,0
7.261526584625244,5257,16,30,0,630,636,184,28.00,0,28,0,-137,1,0,3.00,0
7.273935079574585,5269,16,30,0,630,628,332,28.00,0,28,0,-137,3,0,3.00,0
7.286053657531738,5280,16,30,0,630,626,370,29.00,0,28,0,-137,4,0,3.00,0
7.298027038574219,5292,16,30,0,630,630,346,29.00,0,28,0,-137,-1,0,3.00,0
7.310403108596802,5303,16,30,0,630,642,321,30.00,0,28,0,-137,5,0,3.00,0
7.322429180145264,5316,16,30,0,630,611,425,31.00,0,28,0,-137,6,0,3.00,0
7.334469318389893,5327,16,30,0,630,631,508,31.00,0,28,0,-137,0,0,3.00,0
7.344025373458862,5338,16,30,0,630,621,645,32.00,0,28,0,-137,4,0,3.00,0
7.355493068695068,5349,16,30,0,630,621,736,33.00,0,28,0,-137,3,0,3.00,0
7.367587566375732,5362,16,30,0,630,628,752,35.00,0,28,0,-137,1,0,3.00,0
7.380592346191406,5373,16,30,0,630,613,878,36.00,0,28,0,-137,5,0,3.00,0
7.391974687576294,5384,16,30,0,630,635,834,38.00,0,28,0,-137,4,0,3.00,0
7.4010210037231445,5397,16,30,0,630,621,939,39.00,0,28,0,-137,3,0,3.00,0
7.413162708282471,5408,0,30,0,630,649,939,41.00,0,28,0,-137,4,0,3.00,0
7.425136089324951,5419,0,30,0,630,610,972,43.00,0,28,0,-137,4,0,3.00,0
7.43751335144043,5430,0,30,0,630,619,1035,45.00,0,28,0,-137,1,0,3.00,0
7.449370384216309,5443,0,30,0,630,617,1076,47.00,0,28,0,-137,7,0,3.00,0
7.461542129516602,5454,0,30,0,630,610,1274,49.00,0,28,0,-137,-1,0,3.00,0
7.470444202423096,5465,0,30,0,630,605,1450,51.00,0,28,0,-137,5,0,3.00,0
7.4825074672698975,5477,0,30,0,630,620,1617,54.00,0,28,0,-137,0,0,3.00,0
7.494814157485962,5489,0,30,0,630,616,1771,57.00,0,28,0,-137,6,0,3.00,0
7.506975173950195,5500,0,30,0,630,615,2026,61.00,0,28,0,-137,1,0,3.00,0
7.518975496292114,5511,0,30,0,630,610,2183,64.00,0,28,0,-137,4,0,3.00,0
7.528000831604004,5523,0,30,0,630,609,2504,69.00,0,28,0,-137,7,0,3.00,0
7.540280818939209,5535,0,30,0,0,624,2710,73.00,1,28,0,-137,5,0,3.00,0
7.548476219177246,5543,0,30,0,0,394,411,77.00,1,28,0,-137,5,0,3.00,0
7.560034990310669,5552,0,30,0,0,196,-1172,78.00,1,28,0,-137,0,0,3.00,0
7.568286657333374,5561,0,30,0,0,67,-1521,76.00,1,28,0,-137,1,0,3.00,0
7.576578140258789,5571,0,30,0,0,7,-1469,74.00,1,28,0,-137,1,19,3.00,0
7.58484959602356,5579,0,30,0,0,-6,-1367,72.00,1,28,0,-137,-1,0,3.00,0
7.593440055847168,5588,0,30,0,0,-1,-1277,70.00,1,28,0,-137,-1,0,3.00,0
7.604825496673584,5597,0,30,0,0,-7,-1205,68.00,1,28,0,-137,6,0,3.00,0
7.613282203674316,5605,0,30,0,0,-18,-1134,66.00,1,28,0,-137,1,0,3.00,0
7.621687173843384,5615,0,30,0,0,-13,-1093,64.00,1,28,0,-137,3,0,3.00,0
7.630028963088989,5624,16,30,0,0,-13,-986,63.00,1,28,0,-137,0,0,3.00,0
7.638477325439453,5632,16,30,0,0,-9,-936,61.00,1,28,0,-137,8,0,3.00,0
7.6468117237091064,5641,16,30,0,0,-15,-903,60.00,1,28,0,-137,-7,0,3.00,0
7.658324241638184,5651,16,30,0,0,-10,-812,58.00,1,28,0,-137,8,0,3.00,0
7.666480779647827,5659,16,30,0,0,-11,-752,57.00,1,28,0,-137,9,0,3.00,0
7.674922704696655,5668,16,30,0,0,-12,-741,56.00,1,28,0,-137,4,0,3.00,0
7.683150053024292,5677,16,30,0,0,-13,-642,55.00,1,28,0,-137,0,0,3.00,0
7.69161581993103,5686,16,30,0,0,-12,-582,54.00,1,28,0,-137,-1,0,3.00,0
7.699994802474976,5695,16,30,0,0,-10,-519,53.00,1,28,0,-137,1,0,3.00,0
7.711543798446655,5704,16,30,0,0,-16,-455,52.00,1,28,0,-137,1,0,3.00,0
7.7198145389556885,5713,0,30,0,0,-8,-417,52.00,1,28,0,-137,3,10,3.00,0
7.728074550628662,5721,0,30,0,0,-12,-370,51.00,1,28,0,-137,1,0,3.00,0
7.7363927364349365,5730,0,30,0,0,-9,-277,51.00,1,28,0,-137,-1,0,3.00,0
7.744964361190796,5740,0,30,0,0,-17,-197,50.00,1,28,0,-137,0,0,3.00,0
7.753170490264893,5748,0,30,0,0,-9,-167,50.00,1,28,0,-137,7,0,3.00,0
7.764697313308716,5757,0,30,0,0,-9,-175,50.00,1,28,0,-137,-6,0,3.00,0
7.773222923278809,5766,0,30,0,0,-11,-137,49.00,1,28,0,-137,-1,2,3.00,0
7.781388759613037,5774,16,30,0,0,-18,-60,49.00,1,28,0,-137,2,0,3.00,0
7.789936542510986,5784,16,30,0,0,3,0,49.00,1,28,0,-137,4,0,3.00,0
7.797895908355713,5793,16,30,0,0,1,16,49.00,1,28,0,-137,2,0,3.00,0
7.806518077850342,5801,16,30,0,0,7,0,49.00,1,28,0,-137,7,0,3.00,0
7.815722703933716,5810,0,30,0,0,9,0,49.00,1,28,0,-137,-2,0,3.00,0
7.831387281417847,5818,0,30,0,0,4,-16,49.00,1,28,0,-137,3,0,3.00,0
7.834512233734131,5828,0,30,0,0,9,0,49.00,1,28,0,-137,2,0,3.00,0
7.842756032943726,5836,0,30,0,0,-18,-19,49.00,1,28,0,-137,8,0,3.00,0
7.85137939453125,5845,0,30,0,0,-15,-43,49.00,1,28,0,-137,2,0,3.00,0
7.859351396560669,5853,0,30,0,0,1,-236,49.00,1,28,0,-137,2,0,3.00,0
7.8676087856292725,5862,0,30,0,0,18,-508,49.00,1,28,0,-137,5,0,3.00,0
7.8791728019714355,5872,0,30,0,0,22,-683,48.00,1,28,0,-137,2,0,3.00,0
7.887709856033325,5880,0,30,0,0,14,-752,47.00,1,28,0,-137,1,0,3.00,0
7.89590048789978,5889,0,30,0,0,4,-722,46.00,1,28,0,-137,7,0,3.00,0
7.9044623374938965,5898,0,30,0,0,-14,-683,45.00,1,28,0,-137,-6,0,3.00,0
7.912602663040161,5907,0,30,0,0,-8,-648,44.00,1,28,0,-137,1,0,3.00,0
7.920778751373291,5916,0,30,0,0,0,-716,43.00,1,28,0,-137,6,0,3.00,0
7.929328441619873,5924,0,30,0,0,16,-939,42.00,1,28,0,-137,1,0,3.00,0
7.940803050994873,5933,0,30,0,0,20,-1084,40.00,1,28,0,-137,0,0,3.00,0
7.94919753074646,5942,0,30,0,0,12,-1142,39.00,1,28,0,-137,0,0,3.00,0
7.957457542419434,5951,0,30,0,0,-3,-1128,37.00,1,28,0,-137,-4,0,3.00,0
7.965850114822388,5960,0,30,0,0,-3,-1104,35.00,1,28,0,-137,4,-16,3.00,0
7.974098443984985,5969,0,30,0,0,7,-1159,34.00,1,28,0,-137,3,0,3.00,0
7.985696792602539,5978,0,30,0,0,30,-1392,32.00,1,28,0,-137,1,0,3.00,0
7.9945292472839355,5986,0,30,0,0,33,-1656,30.00,1,28,0,-137,-1,0,3.00,0
8.002537727355957,5996,0,30,0,0,11,-1790,27.00,1,28,0,-137,2,0,3.00,0
8.01094365119934,6005,0,30,0,0,40,-1908,25.00,1,28,0,-137,6,0,3.00,0
8.019314765930176,6013,0,30,0,0,16,-2062,22.00,1,28,0,-137,3,0,3.00,0
8.027933835983276,6022,0,30,0,0,-6,-2010,19.00,1,28,0,-137,3,0,3.00,0
8.039287328720093,6031,0,30,0,0,-6,-1864,16.00,1,28,0,-137,2,0,3.00,0
8.047425508499146,6040,0,30,0,0,0,-1834,13.00,1,28,0,-137,0,0,3.00,0
8.05569577217102,6049,0,30,0,218,-10,-1658,10.00,0,28,0,-137,9,0,3.00,0
8.06791353225708,6060,0,30,0,75,105,-848,7.00,0,28,0,-137,4,0,3.00,0
8.079888582229614,6071,16,30,0,41,21,-348,5.00,0,28,0,-137,3,0,3.00,0
8.088831901550293,6084,16,30,0,41,29,-126,5.00,0,28,0,-137,2,0,3.00,0
8.100925207138062,6095,0,30,0,33,10,32,4.00,0,28,0,-137,4,0,3.00,0
8.112929821014404,6106,16,30,0,33,30,87,4.00,0,28,0,-137,1,0,3.00,0
8.122289180755615,6116,16,30,0,33,32,101,4.00,0,28,0,-137,0,0,3.00,0
8.133792400360107,6128,16,30,0,41,34,65,5.00,0,28,0,-137,1,0,3.00,0
8.146024465560913,6139,16,30,0,41,34,98,5.00,0,28,0,-137,4,0,3.00,0
8.15820026397705,6150,16,30,0,41,32,214,5.00,0,28,0,-137,4,0,3.00,0
8.170045375823975,6163,16,30,0,41,42,219,5.00,0,28,0,-137,4,0,3.00,0
8.17918086051941,6174,16,30,0,54,64,21,6.00,0,28,0,-137,0,0,3.00,0
8.191135883331299,6185,16,30,0,54,66,-71,6.00,0,28,0,-137,0,0,3.00,0
8.203192472457886,6196,16,30,0,54,55,-63,6.00,0,28,0,-137,5,0,3.00,0
8.215288400650024,6208,16,30,0,54,46,0,6.00,0,28,0,-137,10,0,3.00,0
8.224316358566284,6219,16,30,0,54,42,79,6.00,0,28,0,-137,4,0,3.00,0
8.23665714263916,6230,16,30,0,54,41,126,6.00,0,28,0,-137,-2,0,3.00,0
8.248393535614014,6241,16,30,0,54,48,211,6.00,0,28,0,-137,2,0,3.00,0
8.260460138320923,6254,16,30,0,54,49,315,6.00,0,28,0,-137,-1,0,3.00,0
8.27281141281128,6265,16,30,0,75,44,409,7.00,0,28,0,-137,0,0,3.00,0
8.281504392623901,6276,16,30,0,106,66,466,8.00,0,28,0,-137,2,0,3.00,0
8.293651103973389,6287,16,30,0,153,88,582,9.00,0,28,0,-137,1,0,3.00,0
8.305655002593994,6299,16,30,0,218,146,733,10.00,0,28,0,-137,-10,0,3.00,0
8.317933797836304,6310,16,30,0,308,209,906,11.00,0,28,0,-137,6,16,3.00,0
8.329892635345459,6322,16,30,0,594,277,1079,13.00,0,28,0,-137,1,0,3.00,0
8.342049837112427,6334,16,30,0,630,496,1878,15.00,0,28,0,-137,5,0,3.00,0
8.350961923599243,6346,16,30,0,630,592,2378,19.00,0,28,0,-137,0,5,3.00,0
8.363081216812134,6357,16,30,0,630,707,1870,23.00,0,28,0,-137,-3,35,3.00,0
8.375668048858643,6368,16,30,0,630,720,947,27.00,0,28,0,-137,0,24,3.00,0
8.387529611587524,6381,16,30,0,630,683,337,29.00,0,28,0,-137,5,0,3.00,0
8.399806261062622,6392,16,30,0,630,642,236,29.00,0,28,0,-137,5,0,3.00,0
8.412091732025146,6403,16,30,0,630,616,376,30.00,0,28,0,-137,-3,0,3.00,0
8.42064905166626,6415,16,30,0,630,610,527,31.00,0,28,0,-137,5,0,3.00,0
8.432977437973022,6427,16,30,0,630,619,543,32.00,0,28,0,-137,7,0,3.00,0
8.445075988769531,6438,16,30,0,630,640,530,33.00,0,28,0,-137,4,-2,3.00,0
8.458024024963379,6449,16,30,0,630,652,571,34.00,0,28,0,-137,1,0,3.00,0
8.469234228134155,6462,16,30,0,630,623,664,35.00,0,28,0,-137,11,-16,3.00,0
8.481399536132812,6473,16,30,0,630,609,802,36.00,0,28,0,-137,5,-27,3.00,0
8.490648746490479,6485,16,30,0,630,592,878,38.00,0,28,0,-137,1,0,3.00,0
8.502623558044434,6496,16,30,0,630,628,1098,39.00,0,28,0,-137,3,0,3.00,0
8.514747619628906,6508,16,30,0,630,614,1194,41.00,0,28,0,-137,0,0,3.00,0
8.52691650390625,6520,16,30,0,630,615,1307,43.00,0,28,0,-137,-1,0,3.00,0
8.538936138153076,6531,16,30,0,630,628,1345,46.00,0,28,0,-137,1,0,3.00,0
8.551057577133179,6542,16,30,0,630,618,1458,49.00,0,28,0,-137,6,0,3.00,0
8.561203241348267,6555,16,30,0,630,606,1562,51.00,0,28,0,-137,7,0,3.00,0
8.572242259979248,6566,16,30,0,630,619,1705,54.00,0,28,0,-137,0,0,3.00,0
8.584349870681763,6577,16,30,0,630,612,1859,58.00,0,28,0,-137,2,0,3.00,0
8.596327781677246,6590,16,30,0,630,616,2057,61.00,0,28,0,-137,-3,0,3.00,0
8.608716249465942,6601,16,30,0,630,611,2070,65.00,0,28,0,-137,5,0,3.00,0
8.620801448822021,6613,16,30,0,630,622,2320,69.00,0,28,0,-137,11,0,3.00,0
8.63283920288086,6624,16,30,0,0,637,2329,74.00,1,28,0,-137,0,0,3.00,0
8.641416072845459,6634,16,30,0,0,372,63,77.00,1,28,0,-137,2,0,3.00,0
8.649641036987305,6642,16,30,0,0,185,-1290,77.00,1,28,0,-137,2,0,3.00,0
8.658285140991211,6651,16,30,0,0,57,-1631,75.00,1,28,0,-137,1,0,3.00,0
8.666187047958374,6660,16,30,0,0,23,-1700,73.00,1,28,0,-137,4,0,3.00,0
8.681307077407837,6669,16,30,0,0,-1,-1560,70.00,1,28,0,-137,4,-5,3.00,0
8.68621277809143,6678,16,30,0,0,-9,-1436,68.00,1,28,0,-137,1,21,3.00,0
8.694581508636475,6687,16,30,0,0,-8,-1356,66.00,1,28,0,-137,6,0,3.00,0
8.702935695648193,6696,16,30,0,0,-8,-1288,64.00,1,28,0,-137,2,0,3.00,0
8.711459398269653,6705,16,30,0,0,-11,-1197,62.00,1,28,0,-137,5,19,3.00,0
8.719696998596191,6713,16,30,0,0,-17,-1137,60.00,1,28,0,-137,8,-16,3.00,0
8.731414556503296,6723,16,30,0,0,-10,-1054,58.00,1,28,0,-137,3,-2,3.00,0
8.739726305007935,6732,16,30,0,0,-11,-1010,57.00,1,28,0,-137,6,0,3.00,0
8.748013019561768,6741,16,30,0,0,-13,-936,55.00,1,28,0,-137,3,0,3.00,0
8.756253004074097,6750,16,30,0,0,-15,-854,54.00,1,28,0,-137,-1,0,3.00,0
8.764898300170898,6758,16,30,0,0,-12,-821,52.00,1,28,0,-137,4,0,3.00,0
8.776267528533936,6768,16,30,0,0,-8,-804,51.00,1,28,0,-137,-2,0,3.00,0
8.78472113609314,6777,16,30,0,0,-14,-730,50.00,1,28,0,-137,7,0,3.00,0
8.7929368019104,6785,16,30,0,0,-12,-645,49.00,1,28,0,-137,1,0,3.00,0
8.80126404762268,6794,16,30,0,0,-9,-593,48.00,1,28,0,-137,7,0,3.00,0
8.809567213058472,6804,16,30,0,0,-4,-508,47.00,1,28,0,-137,-3,0,3.00,0
8.818755149841309,6812,16,30,0,0,-17,-453,46.00,1,28,0,-137,-1,0,3.00,0
8.82967209815979,6821,16,30,0,0,-10,-379,46.00,1,28,0,-137,-1,0,3.00,0
8.837921857833862,6830,16,30,0,0,-10,-329,45.00,1,28,0,-137,1,0,3.00,0
8.847113370895386,6839,16,30,0,0,-13,-269,45.00,1,28,0,-137,-1,0,3.00,0
8.854788064956665,6848,16,30,0,0,-10,-216,44.00,1,28,0,-137,2,0,3.00,0
8.863635301589966,6857,16,30,0,0,-8,-159,44.00,1,28,0,-137,11,0,3.00,0
8.874510765075684,6866,16,30,0,0,-9,-151,44.00,1,28,0,-137,6,0,3.00,0
8.882914304733276,6874,16,30,0,0,-13,-76,43.00,1,28,0,-137,1,0,3.00,0
8.891623497009277,6883,16,30,0,0,4,-24,43.00,1,28,0,-137,-1,0,3.00,0
8.899733304977417,6893,16,30,0,0,-1,0,43.00,1,28,0,-137,3,0,3.00,0
8.908093690872192,6901,16,30,0,0,3,0,43.00,1,28,0,-137,-1,0,3.00,0
8.91628623008728,6910,16,30,0,0,7,0,43.00,1,28,0,-137,4,0,3.00,0
8.924896240234375,6918,16,30,0,0,4,-16,43.00,1,28,0,-137,4,0,3.00,0
8.935999631881714,6927,16,30,0,0,-1,0,43.00,1,28,0,-137,2,0,3.00,0
8.944294214248657,6937,16,30,0,0,-26,0,43.00,1,28,0,-137,-7,0,3.00,0
8.952667951583862,6945,16,30,0,0,-20,0,43.00,1,28,0,-137,1,0,3.00,0
8.960957527160645,6954,16,30,0,0,1,0,43.00,1,28,0,-137,2,0,3.00,0
8.96928334236145,6962,16,30,0,0,-11,-8,43.00,1,28,0,-137,-4,0,3.00,0
8.978376626968384,6971,16,30,0,0,7,0,43.00,1,28,0,-137,6,0,3.00,0
8.986061334609985,6980,16,30,0,0,-6,-112,43.00,1,28,0,-137,4,0,3.00,0
8.99748706817627,6989,16,30,0,0,14,-417,43.00,1,28,0,-137,-2,0,3.00,0
9.005984544754028,6998,16,30,0,0,30,-711,42.00,1,28,0,-137,1,0,3.00,0
9.014382600784302,7007,16,30,0,0,23,-815,41.00,1,28,0,-137,2,0,3.00,0
9.022540092468262,7015,16,30,0,0,10,-760,40.00,1,28,0,-137,1,0,3.00,0
9.031046390533447,7025,16,30,0,0,2,-719,39.00,1,28,0,-137,2,0,3.00,0
9.039039850234985,7034,16,30,0,0,-2,-648,38.00,1,28,0,-137,1,0,3.00,0
9.051135301589966,7042,16,30,0,0,-2,-609,37.00,1,28,0,-137,-3,0,3.00,0
9.05910587310791,7051,16,30,0,0,17,-856,36.00,1,28,0,-137,3,0,3.00,0
9.0685555934906,7061,16,30,0,0,20,-1076,35.00,1,28,0,-137,9,0,3.00,0
9.07575535774231,7069,16,30,0,0,8,-1115,33.00,1,28,0,-137,7,0,3.00,0
9.084455013275146,7078,16,30,0,0,-1,-1043,32.00,1,28,0,-137,6,0,3.00,0
9.095767974853516,7087,16,30,0,0,-6,-994,30.00,1,28,0,-137,3,0,3.00,0
9.10413646697998,7095,16,30,0,0,-8,-1024,29.00,1,28,0,-137,0,0,3.00,0
9.112412214279175,7105,16,30,0,0,11,-1205,27.00,1,28,0,-137,1,0,3.00,0
9.120912551879883,7114,16,30,0,0,18,-1387,25.00,1,28,0,-137,2,0,3.00,0
9.129103660583496,7123,16,30,0,0,19,-1505,23.00,1,28,0,-137,2,0,3.00,0
9.13754653930664,7131,16,30,0,0,9,-1529,21.00,1,28,0,-137,-1,0,3.00,0
9.149135112762451,7140,16,30,0,0,4,-1543,19.00,1,28,0,-137,1,0,3.00,0
9.157635688781738,7150,16,30,0,0,-2,-1521,16.00,1,28,0,-137,5,0,3.00,0
9.165879487991333,7159,16,30,0,0,-6,-1543,14.00,1,28,0,-137,1,0,3.00,0
9.1743643283844,7167,16,30,0,0,0,-1477,12.00,1,28,0,-137,4,0,3.00,0
9.182599067687988,7176,16,30,0,218,-13,-1340,10.00,0,28,0,-137,5,0,3.00,0
9.194541931152344,7188,16,30,0,75,105,-527,7.00,0,28,0,-137,5,0,3.00,0
9.207109451293945,7200,16,30,0,54,41,-109,6.00,0,28,0,-137,5,0,3.00,0
9.219008207321167,7211,16,30,0,41,35,98,5.00,0,28,0,-137,4,0,3.00,0
9.230945825576782,7222,16,30,0,54,40,156,6.00,0,28,0,-137,4,0,3.00,0
9.240096092224121,7234,16,30,0,54,47,126,6.00,0,28,0,-137,1,0,3.00,0
9.252207279205322,7245,16,30,0,54,54,131,6.00,0,28,0,-137,-9,0,3.00,0
9.26402759552002,7256,16,30,0,54,70,30,6.00,0,28,0,-137,0,0,3.00,0
9.276101350784302,7268,16,30,0,54,65,-43,6.00,0,28,0,-137,-2,0,3.00,0
9.2882821559906,7280,16,30,0,54,64,-79,6.00,0,28,0,-137,4,0,3.00,0
9.297336101531982,7291,16,30,0,54,52,-82,6.00,0,28,0,-137,5,0,3.00,0
9.30952787399292,7302,16,30,0,54,54,-60,6.00,0,28,0,-137,1,0,3.00,0
9.321259021759033,7313,16,30,0,54,41,-46,6.00,0,28,0,-137,1,0,3.00,0
9.333405494689941,7325,16,30,0,54,70,-208,6.00,0,28,0,-137,1,0,3.00,0
9.342520475387573,7336,16,30,0,54,59,-227,6.00,0,28,0,-137,0,0,3.00,0
9.354604244232178,7348,16,30,0,41,48,-129,5.00,0,28,0,-137,-2,0,3.00,0
9.366685152053833,7360,16,30,0,41,42,-98,5.00,0,28,0,-137,0,0,3.00,0
9.378722190856934,7371,16,30,0,41,43,-98,5.00,0,28,0,-137,-1,0,3.00,0
9.390843391418457,7382,16,30,0,33,36,-32,4.00,0,28,0,-137,2,0,3.00,0
9.399441003799438,7393,16,30,0,33,13,0,4.00,0,28,0,-137,0,0,3.00,0
9.41146183013916,7405,16,30,0,33,34,35,4.00,0,28,0,-137,1,0,3.00,0
9.42358684539795,7415,16,30,0,33,31,46,4.00,0,28,0,-137,3,0,3.00,0
9.43220853805542,7426,16,30,0,41,31,63,5.00,0,28,0,-137,3,0,3.00,0
9.444368600845337,7437,16,30,0,41,38,68,5.00,0,28,0,-137,6,0,3.00,0
9.456684589385986,7449,16,30,0,41,38,112,5.00,0,28,0,-137,1,0,3.00,0
9.468735456466675,7461,16,30,0,41,29,241,5.00,0,28,0,-137,4,0,3.00,0
9.480748653411865,7472,16,30,0,41,12,346,5.00,0,28,0,-137,-2,0,3.00,0
9.489844799041748,7483,16,30,0,54,36,351,6.00,0,28,0,-137,-1,0,3.00,0
9.50192141532898,7495,16,30,0,75,36,488,7.00,0,28,0,-137,2,0,3.00,0
9.514561414718628,7506,16,30,0,106,56,609,8.00,0,28,0,-137,2,0,3.00,0
9.525992155075073,7517,16,30,0,153,81,859,9.00,0,28,0,-137,1,0,3.00,0
9.535015344619751,7529,16,30,0,218,125,1134,10.00,0,28,0,-137,3,0,3.00,0
9.547301530838013,7541,16,30,0,594,197,1318,13.00,0,28,0,-137,3,0,3.00,0
9.559327125549316,7552,16,30,0,630,454,2636,15.00,0,28,0,-137,2,0,3.00,0
9.571541547775269,7564,16,30,0,630,600,2776,20.00,0,28,0,-137,1,19,3.00,0
9.583729982376099,7576,16,30,0,630,706,2150,25.00,0,28,0,-137,8,0,3.00,0
9.595642805099487,7587,16,30,0,630,767,1109,30.00,0,28,0,-137,0,-16,3.00,0
9.607975006103516,7599,16,30,0,630,689,620,32.00,0,28,0,-137,7,0,3.00,0
9.61667013168335,7610,16,30,0,630,596,818,33.00,0,28,0,-137,2,0,3.00,0
9.629020690917969,7622,16,30,0,630,578,1170,35.00,0,28,0,-137,6,8,3.00,0
9.640892267227173,7633,16,30,0,630,603,1433,37.00,0,28,0,-137,3,-19,3.00,0
9.65321683883667,7645,16,30,0,630,634,1469,40.00,0,28,0,-137,0,10,3.00,0
9.66528582572937,7657,16,30,0,630,650,1296,43.00,0,28,0,-137,4,0,3.00,0
9.677438259124756,7669,16,30,0,630,644,1348,45.00,0,28,0,-137,5,0,3.00,0
9.686177730560303,7680,16,30,0,630,621,1477,48.00,0,28,0,-137,1,0,3.00,0
9.698488473892212,7691,16,30,0,630,604,1694,51.00,0,28,0,-137,-3,0,3.00,0
9.710755586624146,7704,16,30,0,630,602,1933,54.00,0,28,0,-137,2,0,3.00,0
9.72298812866211,7715,16,30,0,630,604,2109,58.00,0,28,0,-137,-2,0,3.00,0
9.73492169380188,7726,16,30,0,630,601,2224,62.00,0,28,0,-137,2,0,3.00,0
9.747102975845337,7738,16,30,0,630,611,2353,66.00,0,28,0,-137,1,0,3.00,0
9.759174823760986,7750,16,30,0,0,637,2458,70.00,1,28,0,-137,0,0,3.00,0
9.76767086982727,7759,16,30,0,0,285,774,74.00,1,28,0,-137,2,0,3.00,0
9.775927543640137,7768,16,30,0,0,207,-508,75.00,1,28,0,-137,3,0,3.00,0
9.78426194190979,7777,16,30,0,0,78,-1054,74.00,1,28,0,-137,2,0,3.00,0
9.792596101760864,7786,16,30,0,0,47,-1277,73.00,1,28,0,-137,0,0,3.00,0
9.800894021987915,7795,16,30,0,0,7,-1233,71.00,1,28,0,-137,1,0,3.00,0
9.812559843063354,7804,16,30,0,0,13,-1120,69.00,1,28,0,-137,2,0,3.00,0
9.821297645568848,7813,16,30,0,0,-7,-1043,67.00,1,28,0,-137,6,0,3.00,0
9.829303503036499,7821,16,30,0,0,-17,-983,66.00,1,28,0,-137,5,0,3.00,0
9.837884426116943,7831,16,30,0,0,-9,-906,64.00,1,28,0,-137,2,0,3.00,0
9.846153736114502,7840,16,30,0,0,-12,-848,63.00,1,28,0,-137,-1,0,3.00,0
9.85774278640747,7848,16,30,0,0,-15,-791,62.00,1,28,0,-137,1,0,3.00,0
9.865959405899048,7857,16,30,0,0,-17,-686,61.00,1,28,0,-137,0,0,3.00,0
9.874245405197144,7866,16,30,0,0,-18,-661,60.00,1,28,0,-137,3,0,3.00,0
9.882609605789185,7875,16,30,0,0,-16,-596,59.00,1,28,0,-137,3,0,3.00,0
9.891498565673828,7884,16,30,0,0,0,-549,58.00,1,28,0,-137,-8,0,3.00,0
9.899529457092285,7893,16,30,0,0,-15,-483,57.00,1,28,0,-137,1,0,3.00,0
9.910914182662964,7902,16,30,0,0,-12,-417,56.00,1,28,0,-137,2,0,3.00,0
9.919320106506348,7910,16,30,0,0,-14,-390,56.00,1,28,0,-137,1,0,3.00,0
9.927523612976074,7920,16,30,0,0,-13,-280,55.00,1,28,0,-137,-1,0,3.00,0
9.93720293045044,7929,16,30,0,0,-11,-227,55.00,1,28,0,-137,1,0,3.00,0
9.94444227218628,7937,16,30,0,0,-6,-252,54.00,1,28,0,-137,4,0,3.00,0
9.955909967422485,7946,16,30,0,0,-3,-241,54.00,1,28,0,-137,3,0,3.00,0
9.964165925979614,7956,16,30,0,0,-10,-142,53.00,1,28,0,-137,-1,0,3.00,0
9.972517013549805,7964,16,30,0,0,-11,-101,53.00,1,28,0,-137,3,0,3.00,0
9.98098635673523,7973,16,30,0,0,23,-120,53.00,1,28,0,-137,1,0,3.00,0
9.989312410354614,7982,16,30,0,0,-14,-93,53.00,1,28,0,-137,4,0,3.00,0
9.9974946975708,7991,16,30,0,0,-8,-71,53.00,1,28,0,-137,2,0,3.00,0
10.009131908416748,8000,16,30,0,0,-6,-65,53.00,1,28,0,-137,3,0,3.00,0
10.018001079559326,8009,16,30,0,0,-6,-76,53.00,1,28,0,-137,4,0,3.00,0
10.025770425796509,8017,16,30,0,0,-9,-87,52.00,1,28,0,-137,1,0,3.00,0
10.034196615219116,8026,16,30,0,0,-12,-76,52.00,1,28,0,-137,1,0,3.00,0
10.042598962783813,8035,16,30,0,0,-18,-87,52.00,1,28,0,-137,-1,0,3.00,0
10.05066180229187,8044,16,30,0,0,-16,-109,52.00,1,28,0,-137,5,0,3.00,0
10.062325239181519,8053,16,30,0,0,-6,-159,52.00,1,28,0,-137,2,0,3.00,0
10.070648670196533,8062,16,30,0,0,7,-340,52.00,1,28,0,-137,1,0,3.00,0
10.0790536403656,8070,16,30,0,0,24,-554,51.00,1,28,0,-137,1,0,3.00,0
10.087425947189331,8079,16,30,0,0,5,-571,50.00,1,28,0,-137,2,0,3.00,0
10.095846891403198,8089,16,30,0,0,0,-587,50.00,1,28,0,-137,3,0,3.00,0
10.104298114776611,8097,16,30,0,0,-7,-494,49.00,1,28,0,-137,-4,0,3.00,0
10.115613460540771,8106,16,30,0,0,0,-453,48.00,1,28,0,-137,-1,0,3.00,0
10.123934030532837,8115,16,30,0,0,-7,-425,47.00,1,28,0,-137,2,0,3.00,0
10.132359743118286,8123,16,30,0,0,9,-617,47.00,1,28,0,-137,2,0,3.00,0
10.140918493270874,8133,16,30,0,0,14,-807,46.00,1,28,0,-137,5,0,3.00,0
10.14906620979309,8142,16,30,0,0,2,-821,45.00,1,28,0,-137,1,21,3.00,0
10.157465934753418,8150,16,30,0,0,6,-865,43.00,1,28,0,-137,3,0,3.00,0
10.168762683868408,8159,16,30,0,0,12,-1013,42.00,1,28,0,-137,11,0,3.00,0
10.17737865447998,8169,16,30,0,0,13,-1073,41.00,1,28,0,-137,3,0,3.00,0
10.185610294342041,8178,16,30,0,0,-6,-1098,39.00,1,28,0,-137,13,0,3.00,0
10.194131851196289,8186,16,30,0,0,-3,-1079,37.00,1,28,0,-137,4,8,3.00,0
10.202374935150146,8195,16,30,0,0,-2,-1054,36.00,1,28,0,-137,3,-2,3.00,0
10.213808059692383,8204,16,30,0,0,8,-1093,34.00,1,28,0,-137,0,0,3.00,0
10.222273349761963,8213,16,30,0,0,5,-1167,32.00,1,28,0,-137,2,-2,3.00,0
10.230481147766113,8222,16,30,0,0,19,-1312,31.00,1,28,0,-137,-2,0,3.00,0
10.238871574401855,8231,16,30,0,0,20,-1518,29.00,1,28,0,-137,-1,0,3.00,0
10.247254848480225,8240,16,30,0,0,19,-1722,26.00,1,28,0,-137,2,0,3.00,0
10.255890130996704,8248,16,30,0,0,15,-1771,24.00,1,28,0,-137,0,0,3.00,0
10.267393112182617,8258,16,30,0,0,16,-1848,21.00,1,28,0,-137,-1,0,3.00,0
10.275681734085083,8267,16,30,0,0,-4,-1815,18.00,1,28,0,-137,2,0,3.00,0
10.283849716186523,8276,16,30,0,0,-2,-1724,16.00,1,28,0,-137,8,0,3.00,0
10.2921302318573,8284,16,30,0,0,-1,-1669,13.00,1,28,0,-137,7,0,3.00,0
10.300461530685425,8293,16,30,0,0,-14,-1527,11.00,1,28,0,-137,-3,0,3.00,0
10.312272071838379,8303,16,30,0,106,-6,-1436,8.00,0,28,0,-137,7,0,3.00,0
10.320915699005127,8314,16,30,0,54,28,-1087,6.00,0,28,0,-137,0,0,3.00,0
10.333264589309692,8325,16,30,0,29,17,-703,3.00,0,28,0,-137,3,0,3.00,0
10.345351457595825,8336,16,30,0,27,4,-433,2.00,0,28,0,-137,2,0,3.00,0
10.357177019119263,8348,16,30,0,27,-8,-269,1.00,0,28,0,-137,1,0,3.00,0
10.365987777709961,8357,16,30,0,27,27,-93,1.00,0,28,0,-137,3,0,3.00,0
10.373954772949219,8366,16,30,0,27,25,-13,1.00,0,28,0,-137,1,0,3.00,0
10.382326364517212,8374,16,30,0,27,21,32,1.00,0,28,0,-137,5,0,3.00,0
10.390599727630615,8384,16,30,0,27,21,63,1.00,0,28,0,-137,3,0,3.00,0
10.402331352233887,8393,16,30,0,27,21,90,1.00,0,28,0,-137,3,0,3.00,0
10.41086721420288,8402,16,30,0,27,18,120,1.00,0,28,0,-137,6,0,3.00,0
10.419185161590576,8411,16,30,0,27,23,159,1.00,0,28,0,-137,-1,0,3.00,0
10.42768120765686,8420,16,30,0,27,32,126,1.00,0,28,0,-137,3,0,3.00,0
10.436058521270752,8430,16,30,0,27,39,104,2.00,0,28,0,-137,8,0,3.00,0
10.447924137115479,8440,16,30,0,27,28,109,2.00,0,28,0,-137,7,0,3.00,0
10.462053298950195,8451,16,30,0,27,31,43,2.00,0,28,0,-137,4,0,3.00,0
10.472021579742432,8462,16,30,0,27,35,-30,2.00,0,28,0,-137,6,0,3.00,0
10.48094129562378,8474,16,30,0,27,32,-16,2.00,0,28,0,-137,1,0,3.00,0
10.49293828010559,8485,16,30,0,27,35,8,2.00,0,28,0,-137,-1,0,3.00,0
10.504876375198364,8495,16,30,0,27,34,0,2.00,0,28,0,-137,1,0,3.00,0
10.51366901397705,8506,16,30,0,27,35,-2,2.00,0,28,0,-137,6,0,3.00,0
10.525798082351685,8518,16,30,0,27,25,-16,2.00,0,28,0,-137,-5,0,3.00,0
10.537620306015015,8529,16,30,0,27,34,-16,2.00,0,28,0,-137,4,0,3.00,0
10.546319007873535,8539,16,30,0,27,32,-21,2.00,0,28,0,-137,4,0,3.00,0
10.558611392974854,8550,16,30,0,27,28,0,2.00,0,28,0,-137,7,0,3.00,0
10.570372581481934,8562,16,30,0,27,29,41,2.00,0,28,0,-137,3,0,3.00,0
10.579353332519531,8573,16,30,0,27,24,60,2.00,0,28,0,-137,1,0,3.00,0
10.591426610946655,8583,16,30,0,27,12,93,2.00,0,28,0,-137,-3,0,3.00,0
10.603466033935547,8595,16,30,0,27,30,156,2.00,0,28,0,-137,0,0,3.00,0
10.615468978881836,8606,16,30,0,29,29,167,3.00,0,28,0,-137,1,0,3.00,0
10.62437105178833,8617,16,30,0,29,30,107,3.00,0,28,0,-137,3,0,3.00,0
10.636436223983765,8628,16,30,0,29,34,57,3.00,0,28,0,-137,3,-16,3.00,0
10.64842176437378,8641,16,30,0,29,33,65,3.00,0,28,0,-137,4,0,3.00,0
10.660582065582275,8652,16,30,0,29,33,104,3.00,0,28,0,-137,2,0,3.00,0
10.672720432281494,8663,16,30,0,33,38,137,4.00,0,28,0,-137,9,0,3.00,0
10.681571245193481,8674,16,30,0,33,29,142,4.00,0,28,0,-137,7,0,3.00,0
10.693446159362793,8685,16,30,0,33,28,170,4.00,0,28,0,-137,6,0,3.00,0
10.70553994178772,8696,16,30,0,33,30,159,4.00,0,28,0,-137,0,0,3.00,0
10.714436531066895,8707,16,30,0,41,40,131,5.00,0,28,0,-137,1,0,3.00,0
10.726593732833862,8718,16,30,0,41,31,203,5.00,0,28,0,-137,5,0,3.00,0
10.738677740097046,8730,16,30,0,41,36,318,5.00,0,28,0,-137,8,0,3.00,0
10.750720977783203,8742,16,30,0,54,35,318,6.00,0,28,0,-137,4,0,3.00,0
10.762683868408203,8753,16,30,0,54,42,425,6.00,0,28,0,-137,-3,0,3.00,0
10.77157211303711,8764,16,30,0,75,52,461,7.00,0,28,0,-137,6,0,3.00,0
10.78365683555603,8776,16,30,0,106,59,593,8.00,0,28,0,-137,5,0,3.00,0
10.795865774154663,8787,16,30,0,153,77,755,9.00,0,28,0,-137,6,0,3.00,0
10.80804181098938,8798,16,30,0,308,125,980,11.00,0,28,0,-137,1,0,3.00,0
10.820038080215454,8810,16,30,0,431,231,1595,12.00,0,28,0,-137,8,0,3.00,0
10.828852653503418,8822,16,30,0,630,337,2436,16.00,0,28,0,-137,2,0,3.00,0
10.841210126876831,8833,16,30,0,630,515,3435,20.00,0,28,0,-137,1,0,3.00,0
10.853196382522583,8844,16,30,0,630,701,3136,26.00,0,28,0,-137,5,-32,3.00,0
10.865492820739746,8857,16,30,0,630,771,2095,33.00,0,28,0,-137,7,0,3.00,0
10.877590894699097,8868,16,30,0,630,744,1156,37.00,0,28,0,-137,-2,0,3.00,0
10.88997769355774,8880,16,30,0,630,634,1076,40.00,0,28,0,-137,5,-49,3.00,0
10.898503303527832,8891,16,30,0,630,573,1518,42.00,0,28,0,-137,6,16,3.00,0
10.91079306602478,8903,16,30,0,630,596,1999,45.00,0,28,0,-137,4,-19,3.00,0
10.922870635986328,8915,16,30,0,630,628,2095,48.00,0,28,0,-137,6,0,3.00,0
10.935047626495361,8926,16,30,0,630,658,1853,52.00,0,28,0,-137,2,0,3.00,0
10.947345972061157,8938,16,30,0,630,675,1502,56.00,0,28,0,-137,1,0,3.00,0
10.959452867507935,8950,16,30,0,630,650,1246,59.00,0,28,0,-137,-8,0,3.00,0
10.971492767333984,8961,16,30,0,630,649,1117,62.00,0,28,0,-137,7,0,3.00,0
10.980954885482788,8973,16,30,0,630,610,1213,64.00,0,28,0,-137,2,-19,3.00,0
10.992766380310059,8985,16,30,0,630,606,1323,66.00,0,28,0,-137,1,10,3.00,0
11.004749298095703,8996,16,30,0,630,619,1538,69.00,0,28,0,-137,5,0,3.00,0
11.016880989074707,9008,16,30,0,0,599,1752,72.00,1,28,0,-137,4,0,3.00,0
11.025713205337524,9016,16,30,0,0,249,167,74.00,1,28,0,-137,7,2,3.00,0
11.033636569976807,9026,16,30,0,0,166,-933,74.00,1,28,0,-137,7,0,3.00,0
11.04220962524414,9035,16,30,0,0,79,-1458,73.00,1,28,0,-137,6,0,3.00,0
11.053574800491333,9044,16,30,0,0,35,-1606,71.00,1,28,0,-137,7,0,3.00,0
11.062101602554321,9052,16,30,0,0,16,-1642,68.00,1,28,0,-137,5,0,3.00,0
11.070253133773804,9061,16,30,0,0,-2,-1587,66.00,1,28,0,-137,1,0,3.00,0
11.07853102684021,9071,16,30,0,0,-7,-1505,64.00,1,28,0,-137,2,0,3.00,0
11.087090969085693,9080,16,30,0,0,-10,-1406,61.00,1,28,0,-137,-2,0,3.00,0
11.098623275756836,9088,16,30,0,0,-19,-1356,59.00,1,28,0,-137,0,0,3.00,0
11.10712218284607,9097,16,30,0,0,-16,-1282,57.00,1,28,0,-137,-1,0,3.00,0
11.115281581878662,9107,16,30,0,0,-17,-1192,55.00,1,28,0,-137,-1,0,3.00,0
11.123836994171143,9116,16,30,0,0,-11,-1126,54.00,1,28,0,-137,3,0,3.00,0
11.132105112075806,9124,16,30,0,0,-13,-1104,52.00,1,28,0,-137,-1,0,3.00,0
11.143656492233276,9133,16,30,0,0,-14,-1079,50.00,1,28,0,-137,2,0,3.00,0
11.151980638504028,9142,16,30,0,0,-7,-1016,49.00,1,28,0,-137,2,0,3.00,0
11.160386085510254,9152,16,30,0,0,-21,-936,47.00,1,28,0,-137,1,0,3.00,0
11.168721437454224,9160,16,30,0,0,-8,-884,46.00,1,28,0,-137,7,0,3.00,0
11.177219152450562,9169,16,30,0,0,-7,-854,44.00,1,28,0,-137,5,0,3.00,0
11.185506582260132,9178,16,30,0,0,-12,-791,43.00,1,28,0,-137,0,0,3.00,0
11.196903228759766,9186,16,30,0,0,-10,-791,42.00,1,28,0,-137,0,0,3.00,0
11.205673217773438,9196,16,30,0,0,12,-837,41.00,1,28,0,-137,-3,0,3.00,0
11.213680028915405,9205,16,30,0,0,14,-944,40.00,1,28,0,-137,3,0,3.00,0
11.221924781799316,9214,16,30,0,0,-3,-955,38.00,1,28,0,-137,9,0,3.00,0
11.230170249938965,9222,16,30,0,0,7,-840,37.00,1,28,0,-137,5,0,3.00,0
11.239705085754395,9231,16,30,0,0,7,-722,36.00,1,28,0,-137,-1,0,3.00,0
11.250209331512451,9241,16,30,0,0,-9,-659,34.00,1,28,0,-137,-5,0,3.00,0
11.258843660354614,9249,16,30,0,0,-6,-609,33.00,1,28,0,-137,2,0,3.00,0
11.26704454421997,9258,16,30,0,0,-15,-527,33.00,1,28,0,-137,3,0,3.00,0
11.279457330703735,9267,16,30,0,0,-14,-502,32.00,1,28,0,-137,2,0,3.00,0
11.283995866775513,9275,16,30,0,0,-6,-425,31.00,1,28,0,-137,5,0,3.00,0
11.291746139526367,9285,16,30,0,0,-12,-390,30.00,1,28,0,-137,2,0,3.00,0
11.30345630645752,9294,16,30,0,0,0,-351,30.00,1,28,0,-137,2,0,3.00,0
11.31174635887146,9302,16,30,0,0,-10,-288,29.00,1,28,0,-137,5,0,3.00,0
11.320263862609863,9311,16,30,0,0,-6,-271,29.00,1,28,0,-137,4,0,3.00,0
11.32869291305542,9321,16,30,0,0,-13,-195,28.00,1,28,0,-137,1,0,3.00,0
11.337366104125977,9329,16,30,0,0,-13,-151,28.00,1,28,0,-137,1,0,3.00,0
11.348338603973389,9338,16,30,0,0,-7,-49,28.00,1,28,0,-137,2,0,3.00,0
11.356698513031006,9347,16,30,0,0,-6,27,28.00,1,28,0,-137,3,0,3.00,0
11.365001678466797,9355,16,30,0,0,9,27,28.00,1,28,0,-137,-1,0,3.00,0
11.373363256454468,9365,16,30,0,0,10,0,28.00,1,28,0,-137,0,0,3.00,0
11.381645202636719,9373,16,30,0,0,14,0,28.00,1,28,0,-137,4,0,3.00,0
11.390475034713745,9382,16,30,0,0,3,-60,28.00,1,28,0,-137,1,0,3.00,0
11.398616552352905,9391,16,30,0,0,10,-260,28.00,1,28,0,-137,3,0,3.00,0
11.409869909286499,9399,16,30,0,0,22,-527,27.00,1,28,0,-137,11,0,3.00,0
11.418172359466553,9409,16,30,0,0,8,-565,27.00,1,28,0,-137,1,0,3.00,0
11.426651239395142,9418,16,30,0,0,7,-634,26.00,1,28,0,-137,2,0,3.00,0
11.435012578964233,9426,16,30,0,0,1,-554,25.00,1,28,0,-137,3,0,3.00,0
11.443110227584839,9435,16,30,0,0,7,-554,24.00,1,28,0,-137,4,0,3.00,0
11.451523542404175,9444,16,30,0,0,-1,-563,23.00,1,28,0,-137,1,0,3.00,0
11.463144540786743,9453,16,30,0,0,7,-703,22.00,1,28,0,-137,-3,0,3.00,0
11.471544742584229,9462,16,30,0,0,22,-845,21.00,1,28,0,-137,2,0,3.00,0
11.479740142822266,9471,16,30,0,0,4,-931,20.00,1,28,0,-137,8,0,3.00,0
11.488234043121338,9479,16,30,0,0,2,-969,19.00,1,28,0,-137,4,0,3.00,0
11.496583223342896,9488,16,30,0,0,12,-1123,17.00,1,28,0,-137,0,0,3.00,0
11.504698753356934,9498,16,30,0,0,23,-1244,16.00,1,28,0,-137,2,0,3.00,0
11.51653528213501,9506,16,30,0,0,1,-1263,14.00,1,28,0,-137,-6,0,3.00,0
11.524748086929321,9515,16,30,0,0,-1,-1252,12.00,1,28,0,-137,4,0,3.00,0
11.53307318687439,9524,16,30,0,218,6,-1181,10.00,0,28,0,-137,0,0,3.00,0
11.54552698135376,9536,16,30,0,106,102,-373,8.00,0,28,0,-137,-1,0,3.00,0
11.557413816452026,9547,16,30,0,75,55,134,7.00,0,28,0,-137,5,0,3.00,0
11.566063642501831,9558,16,30,0,75,69,241,7.00,0,28,0,-137,3,0,3.00,0
11.578654527664185,9569,16,30,0,106,82,233,8.00,0,28,0,-137,2,0,3.00,0
11.590365171432495,9581,16,30,0,106,98,326,8.00,0,28,0,-137,-1,0,3.00,0
11.602423429489136,9592,16,30,0,153,107,357,9.00,0,28,0,-137,4,0,3.00,0
11.611514568328857,9603,16,30,0,153,143,453,9.00,0,28,0,-137,3,0,3.00,0
11.623534917831421,9615,16,30,0,218,160,461,10.00,0,28,0,-137,2,0,3.00,0
11.635594606399536,9627,16,30,0,308,215,645,11.00,0,28,0,-137,0,0,3.00,0
11.647787809371948,9638,16,30,0,431,288,922,12.00,0,28,0,-137,4,0,3.00,0
11.659868478775024,9650,16,30,0,630,373,1403,14.00,0,28,0,-137,3,0,3.00,0
11.672062397003174,9662,16,30,0,630,557,2095,17.00,0,28,0,-137,-1,0,3.00,0
11.681021690368652,9674,16,30,0,630,650,1919,21.00,0,28,0,-137,2,0,3.00,0
11.693787336349487,9685,16,30,0,630,727,1222,25.00,0,28,0,-137,4,0,3.00,0
11.705385446548462,9696,16,30,0,630,687,634,27.00,0,28,0,-137,-1,0,3.00,0
11.717489004135132,9709,16,30,0,630,652,376,28.00,0,28,0,-137,2,-16,3.00,0
11.729541778564453,9720,16,30,0,630,610,475,29.00,0,28,0,-137,3,0,3.00,0
11.741777181625366,9731,16,30,0,630,621,568,30.00,0,28,0,-137,-1,0,3.00,0
11.758085250854492,9743,16,30,0,630,626,645,31.00,0,28,0,-137,-1,0,3.00,0
11.763086080551147,9755,16,30,0,630,630,626,32.00,0,28,0,-137,4,0,3.00,0
11.774994373321533,9766,16,30,0,630,642,634,34.00,0,28,0,-137,4,-8,3.00,0
11.78696870803833,9777,16,30,0,630,623,615,35.00,0,28,0,-137,-6,0,3.00,0
11.799323081970215,9790,16,30,0,630,621,645,36.00,0,28,0,-137,1,0,3.00,0
11.811428308486938,9801,16,30,0,630,610,752,37.00,0,28,0,-137,-1,-16,3.00,0
11.820443868637085,9812,16,30,0,630,619,818,39.00,0,28,0,-137,0,0,3.00,0
11.832232236862183,9824,16,30,0,630,624,848,40.00,0,28,0,-137,2,0,3.00,0
11.844462633132935,9836,16,30,0,630,631,878,42.00,0,28,0,-137,4,-2,3.00,0
11.856927633285522,9847,16,30,0,630,613,939,44.00,0,28,0,-137,10,0,3.00,0
11.868880987167358,9859,16,30,0,630,630,999,45.00,0,28,0,-137,0,0,3.00,0
11.880988597869873,9870,16,30,0,630,616,1148,47.00,0,28,0,-137,2,0,3.00,0
11.89049768447876,9882,16,30,0,630,633,1211,49.00,0,28,0,-137,4,0,3.00,0
11.901837825775146,9894,16,30,0,630,625,1224,52.00,0,28,0,-137,7,-13,3.00,0
11.91431713104248,9905,16,30,0,630,620,1293,54.00,0,28,0,-137,4,0,3.00,0
11.926434755325317,9916,16,30,0,630,625,1329,57.00,0,28,0,-137,5,0,3.00,0
11.93843674659729,9929,16,30,0,630,609,1466,59.00,0,28,0,-137,-1,0,3.00,0
11.950536966323853,9940,16,30,0,630,614,1642,62.00,0,28,0,-137,1,0,3.00,0
11.96271300315857,9952,16,30,0,630,625,1711,65.00,0,28,0,-137,1,-5,3.00,0
11.971924304962158,9964,16,30,0,630,627,1875,69.00,0,28,0,-137,1,2,3.00,0
11.983781814575195,9976,16,30,0,0,613,2021,72.00,1,28,0,-137,2,0,3.00,0
11.992245197296143,9984,16,30,0,0,294,299,75.00,1,28,0,-137,4,0,3.00,0
12.003767967224121,9993,16,30,0,0,165,-966,76.00,1,28,0,-137,1,13,3.00,0
12.01223349571228,10003,16,30,0,0,87,-1436,74.00,1,28,0,-137,9,0,3.00,0
12.02057409286499,10012,16,30,0,0,25,-1606,72.00,1,28,0,-137,3,0,3.00,0
12.029052734375,10021,16,30,0,0,15,-1658,70.00,1,28,0,-137,4,-16,3.00,0
12.040465116500854,10029,16,30,0,0,17,-1645,67.00,1,28,0,-137,4,21,3.00,0
12.048962831497192,10038,16,30,0,0,-6,-1612,65.00,1,28,0,-137,7,0,3.00,0
12.057502031326294,10048,16,30,0,0,-12,-1543,62.00,1,28,0,-137,-1,19,3.00,0
12.065830707550049,10057,16,30,0,0,-6,-1494,60.00,1,28,0,-137,2,19,3.00,0
12.074217319488525,10066,16,30,0,0,-7,-1430,58.00,1,28,0,-137,-4,21,3.00,0
12.085795402526855,10075,16,30,0,0,-8,-1304,56.00,1,28,0,-137,2,21,3.00,0
12.094005346298218,10083,16,30,0,0,-11,-1224,54.00,1,28,0,-137,7,-19,3.00,0
12.102382898330688,10093,16,30,0,0,-9,-1186,52.00,1,28,0,-137,6,0,3.00,0
12.11457371711731,10102,16,30,0,0,-18,-1128,50.00,1,28,0,-137,8,-13,3.00,0
12.119361162185669,10111,16,30,0,0,-7,-1040,48.00,1,28,0,-137,-3,5,3.00,0
12.130773305892944,10120,16,30,0,0,-15,-955,47.00,1,28,0,-137,2,0,3.00,0
12.139050006866455,10128,16,30,0,0,-8,-865,45.00,1,28,0,-137,3,0,3.00,0
12.147444248199463,10138,16,30,0,0,-14,-829,44.00,1,28,0,-137,0,19,3.00,0
12.155923128128052,10147,16,30,0,0,-14,-752,43.00,1,28,0,-137,7,0,3.00,0
12.164048194885254,10156,16,30,0,0,-13,-670,42.00,1,28,0,-137,3,0,3.00,0
12.17586636543274,10164,16,30,0,0,-15,-639,41.00,1,28,0,-137,6,-21,3.00,0
12.18429684638977,10174,16,30,0,0,-16,-527,40.00,1,28,0,-137,-9,-13,3.00,0
12.192694664001465,10183,16,30,0,0,-1,-508,39.00,1,28,0,-137,4,0,3.00,0
12.20097541809082,10192,16,30,0,0,-6,-420,38.00,1,28,0,-137,2,0,3.00,0
12.209805488586426,10201,16,30,0,0,-12,-411,38.00,1,28,0,-137,3,0,3.00,0
12.220656871795654,10209,16,30,0,0,-5,-304,37.00,1,28,0,-137,7,0,3.00,0
12.229105472564697,10219,16,30,0,0,-11,-266,37.00,1,28,0,-137,6,0,3.00,0
12.237473726272583,10228,16,30,0,0,-12,-247,36.00,1,28,0,-137,4,0,3.00,0
12.245838165283203,10237,16,30,0,0,-5,-222,36.00,1,28,0,-137,-6,0,3.00,0
12.254218339920044,10245,16,30,0,0,-13,-145,35.00,1,28,0,-137,-1,0,3.00,0
12.2627694606781,10254,16,30,0,0,-13,-46,35.00,1,28,0,-137,-1,0,3.00,0
12.27422547340393,10264,16,30,0,0,-19,24,35.00,1,28,0,-137,-1,0,3.00,0
12.28277850151062,10273,16,31,0,0,-21,27,35.00,1,28,0,-137,-1,0,3.00,0
12.290782451629639,10281,16,31,0,0,3,19,35.00,1,28,0,-137,2,0,3.00,0
12.299293994903564,10290,16,31,0,0,4,0,35.00,1,28,0,-137,8,0,3.00,0
12.30769944190979,10299,16,31,0,0,15,0,35.00,1,28,0,-137,-1,0,3.00,0
12.315682649612427,10308,16,31,0,0,-14,0,35.00,1,28,0,-137,2,0,3.00,0
12.3274986743927,10317,16,31,0,0,-12,0,35.00,1,28,0,-137,2,0,3.00,0
12.335705280303955,10325,16,31,0,0,13,0,35.00,1,28,0,-137,1,0,3.00,0
12.34399700164795,10334,16,31,0,0,17,-21,35.00,1,28,0,-137,-2,0,3.00,0
12.352301597595215,10343,16,31,0,0,-5,-120,35.00,1,28,0,-137,2,0,3.00,0
12.36101222038269,10353,16,31,0,0,61,-453,35.00,1,28,0,-137,1,0,3.00,0
12.372203826904297,10361,0,31,0,0,67,-637,34.00,1,28,0,-137,4,0,3.00,0
12.380711078643799,10370,0,31,0,0,60,-681,33.00,1,28,0,-137,3,0,3.00,0
12.389113426208496,10379,0,31,0,0,37,-563,32.00,1,28,0,-137,2,0,3.00,0
12.397395372390747,10388,0,31,0,0,73,-574,32.00,1,28,0,-137,-2,0,3.00,0
12.418015718460083,10397,0,31,0,0,73,-574,-1733628.00,0,28,0,-630,-2,0,27950.00,0
12.438191890716553,10413,16,31,0,0,73,-574,-1733628.00,0,28,0,-630,-2,0,27950.00,0
12.454760074615479,10431,16,31,0,0,73,-574,-1733628.00,0,28,0,-630,-2,0,27950.00,0
12.471323728561401,10448,16,31,0,0,73,-574,-1733628.00,0,28,0,-630,-2,0,27950.00,0
12.488096714019775,10465,16,31,0,0,73,-574,-1733628.00,0,28,0,-630,-2,0,27950.00,0
12.507746696472168,10483,16,31,0,0,73,-574,-1733628.00,0,28,0,-630,-2,0,27950.00,0
12.524455308914185,10500,16,31,0,0,73,-574,-1733628.00,0,28,0,-630,-2,0,27950.00,0
12.540925025939941,10518,16,31,0,0,73,-574,-1733628.00,0,28,0,-630,-2,0,27950.00,0
12.557486534118652,10535,16,31,0,0,73,-574,-1733628.00,0,28,0,-630,-2,0,27950.00,0
12.577379941940308,10552,16,31,0,0,73,-574,-1733628.00,0,28,0,-630,-2,0,27950.00,0
12.59419584274292,10570,16,31,0,0,73,-574,-1733628.00,0,28,0,-630,-2,0,27950.00,0
12.610465049743652,10587,16,31,0,0,73,-574,-1733628.00,0,28,0,-630,-2,0,27950.00,0
12.62699818611145,10604,16,31,0,0,73,-574,-1733628.00,0,28,0,-630,-2,0,27950.00,0
12.643385171890259,10621,16,31,0,0,73,-574,-1733628.00,0,28,0,-630,-2,0,27950.00,0
12.663588762283325,10638,16,31,0,0,73,-574,-1733628.00,0,28,0,-630,-2,0,27950.00,0
12.680148124694824,10656,16,31,0,0,73,-574,-1733628.00,0,28,0,-630,-2,0,27950.00,0
12.696622133255005,10673,16,31,0,0,73,-574,-1733628.00,0,28,0,-630,-2,0,27950.00,0
12.712959051132202,10691,16,31,0,0,73,-574,-1733628.00,0,28,0,-630,-2,0,27950.00,0
12.733644723892212,10708,16,31,0,0,73,-574,-1733628.00,0,28,0,-630,-2,0,27950.00,0
12.74976921081543,10725,16,31,0,0,73,-574,-1733628.00,0,28,0,-630,-2,0,27950.00,0
12.766432523727417,10743,16,31,0,0,73,-574,-1733628.00,0,28,0,-630,-2,0,27950.00,0
12.78286361694336,10760,16,31,0,0,73,-574,-1733628.00,0,28,0,-630,-2,0,27950.00,0
12.802822589874268,10778,16,31,0,0,73,-574,-1733628.00,0,28,0,-630,-2,0,27950.00,0
12.819390058517456,10795,16,31,0,0,73,-574,-1733628.00,0,28,0,-630,-2,0,27950.00,0
12.835675477981567,10812,16,31,0,0,73,-574,-1733628.00,0,28,0,-630,-2,0,27950.00,0
12.852155685424805,10830,16,31,0,0,73,-574,-1733628.00,0,28,0,-630,-2,0,27950.00,0
12.872509956359863,10847,16,31,0,0,73,-574,-1733628.00,0,28,0,-630,-2,0,27950.00,0
12.888861179351807,10865,16,31,0,0,73,-574,-1733628.00,0,28,0,-630,-2,0,27950.00,0
12.905553817749023,10882,16,31,0,0,73,-574,-1733628.00,0,28,0,-630,-2,0,27950.00,0
12.92206358909607,10900,16,31,0,0,73,-574,-1733628.00,0,28,0,-630,-2,0,27950.00,0
12.942012071609497,10917,16,31,0,0,73,-574,-1733628.00,0,28,0,-630,-2,0,27950.00,0
12.958449840545654,10934,16,31,0,0,73,-574,-1733628.00,0,28,0,-630,-2,0,27950.00,0
12.974979162216187,10952,16,31,0,0,73,-574,-1733628.00,0,28,0,-630,-2,0,27950.00,0
12.99147343635559,10969,16,31,0,0,73,-574,-1733628.00,0,28,0,-630,-2,0,27950.00,0
13.011730432510376,10987,16,31,0,0,73,-574,-1733628.00,0,28,0,-630,-2,0,27950.00,0
13.028172016143799,11004,16,31,0,0,73,-574,-1733628.00,0,28,0,-630,-2,0,27950.00,0
13.044742345809937,11021,16,31,0,0,73,-574,-1733628.00,0,28,0,-630,-2,0,27950.00,0
13.061143636703491,11039,16,31,0,0,73,-574,-1733628.00,0,28,0,-630,-2,0,27950.00,0
13.081227540969849,11056,16,31,0,0,73,-574,-1733628.00,0,28,0,-630,-2,0,27950.00,0
13.097774505615234,11074,16,31,0,0,73,-574,-1733628.00,0,28,0,-630,-2,0,27950.00,0
13.1143639087677,11091,16,31,0,0,73,-574,-1733628.00,0,28,0,-630,-2,0,27950.00,0
13.13066029548645,11108,16,31,0,0,73,-574,-1733628.00,0,28,0,-630,-2,0,27950.00,0
13.150840997695923,11126,16,31,0,0,73,-574,-1733628.00,0,28,0,-630,-2,0,27950.00,0
13.16730284690857,11142,16,31,0,0,73,-574,-1733628.00,0,28,0,-630,-2,0,27950.00,0
13.184316158294678,11160,16,31,0,0,73,-574,-1733628.00,0,28,0,-630,-2,0,27950.00,0
13.200613260269165,11177,16,31,0,0,73,-574,-1733628.00,0,28,0,-630,-2,0,27950.00,0
13.221524715423584,11194,16,31,0,0,73,-574,-1733628.00,0,28,0,-630,-2,0,27950.00,0
13.236977100372314,11212,16,31,0,0,73,-574,-1733628.00,0,28,0,-630,-2,0,27950.00,0
13.253653764724731,11229,16,31,0,0,73,-574,-1733628.00,0,28,0,-630,-2,0,27950.00,0
13.269891500473022,11247,16,31,0,0,73,-574,-1733628.00,0,28,0,-630,-2,0,27950.00,0
13.290017366409302,11264,16,31,0,0,73,-574,-1733628.00,0,28,0,-630,-2,0,27950.00,0
13.306820392608643,11281,16,31,0,0,73,-574,-1733628.00,0,28,0,-630,-2,0,27950.00,0
13.323163986206055,11299,16,31,0,0,73,-574,-1733628.00,0,28,0,-630,-2,0,27950.00,0
13.339759111404419,11316,16,31,0,0,73,-574,-1733628.00,0,28,0,-630,-2,0,27950.00,0
13.359682559967041,11334,16,31,0,0,73,-574,-1733628.00,0,28,0,-630,-2,0,27950.00,0
13.376256704330444,11351,16,31,0,0,73,-574,-1733628.00,0,28,0,-630,-2,0,27950.00,0
13.392608165740967,11369,16,31,0,0,73,-574,-1733628.00,0,28,0,-630,-2,0,27950.00,0
13.409133911132812,11386,16,31,0,0,73,-574,-1733628.00,0,28,0,-630,-2,0,27950.00,0
13.429290533065796,11403,16,31,0,0,73,-574,-1733628.00,0,28,0,-630,-2,0,27950.00,0
13.44588327407837,11421,16,31,0,0,73,-574,-1733628.00,0,28,0,-630,-2,0,27950.00,0
13.462321758270264,11438,16,31,0,0,73,-574,-1733628.00,0,28,0,-630,-2,0,27950.00,0
13.478992938995361,11456,16,31,0,0,73,-574,-1733628.00,0,28,0,-630,-2,0,27950.00,0
13.49564266204834,11473,16,31,0,0,73,-574,-1733628.00,0,28,0,-630,-2,0,27950.00,0
13.51549744606018,11490,16,31,0,0,73,-574,-1733628.00,0,28,0,-630,-2,0,27950.00,0
13.531920909881592,11508,16,31,0,0,73,-574,-1733628.00,0,28,0,-630,-2,0,27950.00,0
13.549290418624878,11525,16,31,0,0,73,-574,-1733628.00,0,28,0,-630,-2,0,27950.00,0
13.564863920211792,11543,16,31,0,0,73,-574,-1733628.00,0,28,0,-630,-2,0,27950.00,0
13.585116386413574,11560,16,31,0,0,73,-574,-1733628.00,0,28,0,-630,-2,0,27950.00,0
13.60153341293335,11577,16,31,0,0,73,-574,-1733628.00,0,28,0,-630,-2,0,27950.00,0
13.618034362792969,11595,16,31,0,0,73,-574,-1733628.00,0,28,0,-630,-2,0,27950.00,0
13.634499788284302,11612,16,31,0,0,73,-574,-1733628.00,0,28,0,-630,-2,0,27950.00,0
13.654797792434692,11630,16,31,0,0,73,-574,-1733628.00,0,28,0,-630,-2,0,27950.00,0
13.67132830619812,11647,16,31,0,0,73,-574,-1733628.00,0,28,0,-630,-2,0,27950.00,0
13.687771797180176,11664,16,31,0,0,73,-574,-1733628.00,0,28,0,-630,-2,0,27950.00,0
13.704333782196045,11681,16,31,0,0,73,-574,-1733628.00,0,28,0,-630,-2,0,27950.00,0
13.72429895401001,11698,16,31,0,0,73,-574,-1733628.00,0,28,0,-630,-2,0,27950.00,0
13.741230249404907,11716,16,31,0,0,73,-574,-1733628.00,0,28,0,-630,-2,0,27950.00,0
13.757456302642822,11733,16,31,0,0,73,-574,-1733628.00,0,28,0,-630,-2,0,27950.00,0
13.773717403411865,11750,16,31,0,0,73,-574,-1733628.00,0,28,0,-630,-2,0,27950.00,0
13.793874263763428,11768,16,31,0,0,73,-574,-1733628.00,0,28,0,-630,-2,0,27950.00,0
13.81038522720337,11785,16,31,0,0,73,-574,-1733628.00,0,28,0,-630,-2,0,27950.00,0
13.826970100402832,11803,16,31,0,0,73,-574,-1733628.00,0,28,0,-630,-2,0,27950.00,0
13.843626260757446,11820,16,31,0,0,73,-574,-1733628.00,0,28,0,-630,-2,0,27950.00,0
13.8638436794281,11838,16,31,0,0,73,-574,-1733628.00,0,28,0,-630,-2,0,27950.00,0
13.880001068115234,11855,16,31,0,0,73,-574,-1733628.00,0,28,0,-630,-2,0,27950.00,0
13.89648699760437,11872,16,31,0,0,73,-574,-1733628.00,0,28,0,-630,-2,0,27950.00,0
13.913822889328003,11890,16,31,0,0,73,-574,-1733628.00,0,28,0,-630,-2,0,27950.00,0
13.933102369308472,11907,16,31,0,0,73,-574,-1733628.00,0,28,0,-630,-2,0,27950.00,0
13.949620008468628,11925,16,31,0,0,73,-574,-1733628.00,0,28,0,-630,-2,0,27950.00,0
13.966309547424316,11942,16,31,0,0,73,-574,-1733628.00,0,28,0,-630,-2,0,27950.00,0
13.98255181312561,11959,16,31,0,0,73,-574,-1733628.00,0,28,0,-630,-2,0,27950.00,0
14.00279426574707,11977,16,31,0,0,73,-574,-1733628.00,0,28,0,-630,-2,0,27950.00,0
14.019749402999878,11994,16,31,0,0,73,-574,-1733628.00,0,28,0,-630,-2,0,27950.00,0
14.03571891784668,12012,16,31,0,0,73,-574,-1733628.00,0,28,0,-630,-2,0,27950.00,0
14.052168607711792,12029,16,31,0,0,73,-574,-1733628.00,0,28,0,-630,-2,0,27950.00,0
14.072523593902588,12046,16,31,0,0,73,-574,-1733628.00,0,28,0,-630,-2,0,27950.00,0
14.0889310836792,12064,16,31,0,0,73,-574,-1733628.00,0,28,0,-630,-2,0,27950.00,0
14.105311393737793,12081,16,31,0,0,73,-574,-1733628.00,0,28,0,-630,-2,0,27950.00,0
14.121855974197388,12099,16,31,0,0,73,-574,-1733628.00,0,28,0,-630,-2,0,27950.00,0
14.142577648162842,12116,16,31,0,0,73,-574,-1733628.00,0,28,0,-630,-2,0,27950.00,0
14.158704042434692,12133,16,31,0,0,73,-574,-1733628.00,0,28,0,-630,-2,0,27950.00,0
14.175188541412354,12151,16,31,0,0,73,-574,-1733628.00,0,28,0,-630,-2,0,27950.00,0
14.191540956497192,12168,16,31,0,0,73,-574,-1733628.00,0,28,0,-630,-2,0,27950.00,0
14.211597919464111,12186,16,31,0,0,73,-574,-1733628.00,0,28,0,-630,-2,0,27950.00,0
14.228185415267944,12203,16,31,0,0,73,-574,-1733628.00,0,28,0,-630,-2,0,27950.00,0
14.244567632675171,12220,16,31,0,0,73,-574,-1733628.00,0,28,0,-630,-2,0,27950.00,0
14.266030311584473,12237,16,31,0,0,73,-574,-1733628.00,0,28,0,-630,-2,0,27950.00,0
14.28115963935852,12254,16,31,0,0,73,-574,-1733628.00,0,28,0,-630,-2,0,27950.00,0
14.297780513763428,12272,16,31,0,0,73,-574,-1733628.00,0,28,0,-630,-2,0,27950.00,0
14.314322471618652,12289,16,31,0,0,73,-574,-1733628.00,0,28,0,-630,-2,0,27950.00,0
14.330672979354858,12307,16,31,0,0,73,-574,-1733628.00,0,28,0,-630,-2,0,27950.00,0
14.347424983978271,12324,16,31,0,0,73,-574,-1733628.00,0,28,0,-630,-2,0,27950.00,0
14.36742377281189,12341,16,31,0,0,73,-574,-1733628.00,0,28,0,-630,-2,0,27950.00,0
14.383809328079224,12359,16,31,0,0,73,-574,-1733628.00,0,28,0,-630,-2,0,27950.00,0
14.400543689727783,12376,16,31,0,0,73,-574,-1733628.00,0,28,0,-630,-2,0,27950.00,0
14.41676115989685,12394,16,31,0,0,73,-574,-1733628.00,0,28,0,-630,-2,0,27950.00,0
14.437005758285522,12411,16,31,0,0,73,-574,-1733628.00,0,28,0,-630,-2,0,27950.00,0
14.453606128692627,12428,16,31,0,0,73,-574,-1733628.00,0,28,0,-630,-2,0,27950.00,0
14.47010612487793,12446,16,31,0,0,73,-574,-1733628.00,0,28,0,-630,-2,0,27950.00,0
14.48668909072876,12463,16,31,0,0,73,-574,-1733628.00,0,28,0,-630,-2,0,27950.00,0
14.506593942642212,12481,16,31,0,0,73,-574,-1733628.00,0,28,0,-630,-2,0,27950.00,0
14.52302598953247,12498,16,31,0,0,73,-574,-1733628.00,0,28,0,-630,-2,0,27950.00,0
14.539783954620361,12515,16,31,0,0,73,-574,-1733628.00,0,28,0,-630,-2,0,27950.00,0
14.556359052658081,12533,16,31,0,0,73,-574,-1733628.00,0,28,0,-630,-2,0,27950.00,0
14.57638931274414,12550,16,31,0,0,73,-574,-1733628.00,0,28,0,-630,-2,0,27950.00,0
14.593012571334839,12568,16,31,0,0,73,-574,-1733628.00,0,28,0,-630,-2,0,27950.00,0
14.609413146972656,12585,16,31,0,0,73,-574,-1733628.00,0,28,0,-630,-2,0,27950.00,0
14.625970125198364,12602,16,31,0,0,73,-574,-1733628.00,0,28,0,-630,-2,0,27950.00,0
14.645861387252808,12620,16,31,0,0,73,-574,-1733628.00,0,28,0,-630,-2,0,27950.00,0
14.662258625030518,12637,16,31,0,0,73,-574,-1733628.00,0,28,0,-630,-2,0,27950.00,0
14.679288148880005,12655,16,31,0,0,73,-574,-1733628.00,0,28,0,-630,-2,0,27950.00,0
14.69535493850708,12672,16,31,0,0,73,-574,-1733628.00,0,28,0,-630,-2,0,27950.00,0
14.715442419052124,12689,16,31,0,0,73,-574,-1733628.00,0,28,0,-630,-2,0,27950.00,0
14.731918573379517,12707,16,31,0,0,73,-574,-1733628.00,0,28,0,-630,-2,0,27950.00,0
14.748484134674072,12724,16,31,0,0,73,-574,-1733628.00,0,28,0,-630,-2,0,27950.00,0
14.765194654464722,12742,16,31,0,0,73,-574,-1733628.00,0,28,0,-630,-2,0,27950.00,0
14.785103559494019,12759,16,31,0,0,73,-574,-1733628.00,0,28,0,-630,-2,0,27950.00,0
14.801543712615967,12777,16,31,0,0,73,-574,-1733628.00,0,28,0,-630,-2,0,27950.00,0
14.818035364151001,12793,16,31,0,0,73,-574,-1733628.00,0,28,0,-630,-2,0,27950.00,0
14.834772825241089,12810,16,31,0,0,73,-574,-1733628.00,0,28,0,-630,-2,0,27950.00,0
14.854654788970947,12828,16,31,0,0,73,-574,-1733628.00,0,28,0,-630,-2,0,27950.00,0
14.871164560317993,12845,16,31,0,0,73,-574,-1733628.00,0,28,0,-630,-2,0,27950.00,0
14.887658834457397,12863,16,31,0,0,73,-574,-1733628.00,0,28,0,-630,-2,0,27950.00,0
14.904111862182617,12880,16,31,0,0,73,-574,-1733628.00,0,28,0,-630,-2,0,27950.00,0
14.92429780960083,12897,16,31,0,0,73,-574,-1733628.00,0,28,0,-630,-2,0,27950.00,0
14.940898180007935,12915,16,31,0,0,73,-574,-1733628.00,0,28,0,-630,-2,0,27950.00,0
14.957238674163818,12932,16,31,0,0,73,-574,-1733628.00,0,28,0,-630,-2,0,27950.00,0
14.974128484725952,12950,16,31,0,0,73,-574,-1733628.00,0,28,0,-630,-2,0,27950.00,0
14.995365381240845,12967,16,31,0,0,73,-574,-1733628.00,0,28,0,-630,-2,0,27950.00,0
15.010394811630249,12984,16,31,0,0,73,-574,-1733628.00,0,28,0,-630,-2,0,27950.00,0
15.026973247528076,13002,16,31,0,0,73,-574,-1733628.00,0,28,0,-630,-2,0,27950.00,0
15.043413400650024,13019,16,31,0,0,73,-574,-1733628.00,0,28,0,-630,-2,0,27950.00,0
15.063676357269287,13037,16,31,0,0,73,-574,-1733628.00,0,28,0,-630,-2,0,27950.00,0
15.080206871032715,13054,16,31,0,0,73,-574,-1733628.00,0,28,0,-630,-2,0,27950.00,0
15.096636772155762,13071,16,31,0,0,73,-574,-1733628.00,0,28,0,-630,-2,0,27950.00,0
15.113235712051392,13089,16,31,0,0,73,-574,-1733628.00,0,28,0,-630,-2,0,27950.00,0
15.133162260055542,13106,16,31,0,0,73,-574,-1733628.00,0,28,0,-630,-2,0,27950.00,0
15.149708032608032,13124,16,31,0,0,73,-574,-1733628.00,0,28,0,-630,-2,0,27950.00,0
15.166191816329956,13141,16,31,0,0,73,-574,-1733628.00,0,28,0,-630,-2,0,27950.00,0
15.182981252670288,13158,16,31,0,0,73,-574,-1733628.00,0,28,0,-630,-2,0,27950.00,0
15.2027587890625,13176,16,31,0,0,73,-574,-1733628.00,0,28,0,-630,-2,0,27950.00,0
15.219864845275879,13193,16,31,0,0,73,-574,-1733628.00,0,28,0,-630,-2,0,27950.00,0
15.23594617843628,13211,16,31,0,0,73,-574,-1733628.00,0,28,0,-630,-2,0,27950.00,0
15.252533435821533,13228,16,31,0,0,73,-574,-1733628.00,0,28,0,-630,-2,0,27950.00,0
15.269022941589355,13246,16,31,0,0,73,-574,-1733628.00,0,28,0,-630,-2,0,27950.00,0
15.289088010787964,13263,16,31,0,0,73,-574,-1733628.00,0,28,0,-630,-2,0,27950.00,0
15.305360794067383,13280,16,31,0,0,73,-574,-1733628.00,0,28,0,-630,-2,0,27950.00,0
15.32239055633545,13298,16,31,0,0,73,-574,-1733628.00,0,28,0,-630,-2,0,27950.00,0
15.33852744102478,13315,16,31,0,0,73,-574,-1733628.00,0,28,0,-630,-2,0,27950.00,0
15.35857105255127,13332,16,31,0,0,73,-574,-1733628.00,0,28,0,-630,-2,0,27950.00,0
15.374994277954102,13349,16,31,0,0,73,-574,-1733628.00,0,28,0,-630,-2,0,27950.00,0
15.391713619232178,13366,16,31,0,0,73,-574,-1733628.00,0,28,0,-630,-2,0,27950.00,0
15.408327341079712,13384,16,31,0,0,73,-574,-1733628.00,0,28,0,-630,-2,0,27950.00,0
15.428154706954956,13401,16,31,0,0,73,-574,-1733628.00,0,28,0,-630,-2,0,27950.00,0
15.444542646408081,13419,16,31,0,0,73,-574,-1733628.00,0,28,0,-630,-2,0,27950.00,0
15.461057901382446,13436,16,31,0,0,73,-574,-1733628.00,0,28,0,-630,-2,0,27950.00,0
15.477603673934937,13453,16,31,0,0,73,-574,-1733628.00,0,28,0,-630,-2,0,27950.00,0
15.497883081436157,13471,16,31,0,0,73,-574,-1733628.00,0,28,0,-630,-2,0,27950.00,0
15.514297485351562,13488,16,31,0,0,73,-574,-1733628.00,0,28,0,-630,-2,0,27950.00,0
15.530720710754395,13506,16,31,0,0,73,-574,-1733628.00,0,28,0,-630,-2,0,27950.00,0
15.547410011291504,13523,16,31,0,0,73,-574,-1733628.00,0,28,0,-630,-2,0,27950.00,0
15.567386388778687,13540,16,31,0,0,73,-574,-1733628.00,0,28,0,-630,-2,0,27950.00,0
15.583982944488525,13558,16,31,0,0,73,-574,-1733628.00,0,28,0,-630,-2,0,27950.00,0
15.60065507888794,13575,16,31,0,0,73,-574,-1733628.00,0,28,0,-630,-2,0,27950.00,0
15.616888999938965,13593,16,31,0,0,73,-574,-1733628.00,0,28,0,-630,-2,0,27950.00,0
15.637017250061035,13610,16,31,0,0,73,-574,-1733628.00,0,28,0,-630,-2,0,27950.00,0
15.653516054153442,13627,16,31,0,0,73,-574,-1733628.00,0,28,0,-630,-2,0,27950.00,0
15.670136451721191,13645,16,31,0,0,73,-574,-1733628.00,0,28,0,-630,-2,0,27950.00,0
15.686647176742554,13662,16,31,0,0,73,-574,-1733628.00,0,28,0,-630,-2,0,27950.00,0
15.706592321395874,13680,16,31,0,0,73,-574,-1733628.00,0,28,0,-630,-2,0,27950.00,0
15.723348140716553,13697,16,31,0,0,73,-574,-1733628.00,0,28,0,-630,-2,0,27950.00,0
15.73989462852478,13715,16,31,0,0,73,-574,-1733628.00,0,28,0,-630,-2,0,27950.00,0
15.757235050201416,13732,16,31,0,0,73,-574,-1733628.00,0,28,0,-630,-2,0,27950.00,0
15.776250839233398,13749,16,31,0,0,73,-574,-1733628.00,0,28,0,-630,-2,0,27950.00,0
15.792800903320312,13767,16,31,0,0,73,-574,-1733628.00,0,28,0,-630,-2,0,27950.00,0
15.817285060882568,13784,16,31,0,0,73,-574,-1733628.00,0,28,0,-630,-2,0,27950.00,0
15.825908660888672,13802,16,31,0,0,73,-574,-1733628.00,0,28,0,-630,-2,0,27950.00,0
15.845844745635986,13819,16,31,0,0,73,-574,-1733628.00,0,28,0,-630,-2,0,27950.00,0
15.862269878387451,13836,16,31,0,0,73,-574,-1733628.00,0,28,0,-630,-2,0,27950.00,0
15.878963470458984,13854,16,31,0,0,73,-574,-1733628.00,0,28,0,-630,-2,0,27950.00,0
15.895316123962402,13870,16,31,0,0,73,-574,-1733628.00,0,28,0,-630,-2,0,27950.00,0
15.915430068969727,13888,16,31,0,0,73,-574,-1733628.00,0,28,0,-630,-2,0,27950.00,0
15.935788869857788,13905,16,31,0,0,73,-574,-1733628.00,0,28,0,-630,-2,0,27950.00,0
15.948397874832153,13922,16,31,0,0,73,-574,-1733628.00,0,28,0,-630,-2,0,27950.00,0
15.964928388595581,13940,16,31,0,0,73,-574,-1733628.00,0,28,0,-630,-2,0,27950.00,0
15.985185384750366,13957,16,31,0,0,73,-574,-1733628.00,0,28,0,-630,-2,0,27950.00,0
16.001665115356445,13975,16,31,0,0,73,-574,-1733628.00,0,28,0,-630,-2,0,27950.00,0
16.018049001693726,13992,16,31,0,0,73,-574,-1733628.00,0,28,0,-630,-2,0,27950.00,0
16.034594774246216,14009,16,31,0,0,73,-574,-1733628.00,0,28,0,-630,-2,0,27950.00,0
16.054673194885254,14027,16,31,0,0,73,-574,-1733628.00,0,28,0,-630,-2,0,27950.00,0
16.07133436203003,14044,16,31,0,0,73,-574,-1733628.00,0,28,0,-630,-2,0,27950.00,0
16.0876362323761,14062,16,31,0,0,73,-574,-1733628.00,0,28,0,-630,-2,0,27950.00,0
16.104179620742798,14079,16,31,0,0,73,-574,-1733628.00,0,28,0,-630,-2,0,27950.00,0
16.120806217193604,14096,16,31,0,0,73,-574,-1733628.00,0,28,0,-630,-2,0,27950.00,0
16.14077854156494,14114,16,31,0,0,73,-574,-1733628.00,0,28,0,-630,-2,0,27950.00,0
16.15735149383545,14131,16,31,0,0,73,-574,-1733628.00,0,28,0,-630,-2,0,27950.00,0
16.17395281791687,14149,16,31,0,0,73,-574,-1733628.00,0,28,0,-630,-2,0,27950.00,0
16.19020128250122,14166,16,31,0,0,73,-574,-1733628.00,0,28,0,-630,-2,0,27950.00,0
16.210565090179443,14183,16,31,0,0,73,-574,-1733628.00,0,28,0,-630,-2,0,27950.00,0
16.22701120376587,14201,16,31,0,0,73,-574,-1733628.00,0,28,0,-630,-2,0,27950.00,0
16.2435245513916,14218,16,31,0,0,73,-574,-1733628.00,0,28,0,-630,-2,0,27950.00,0
16.259918928146362,14236,16,31,0,0,73,-574,-1733628.00,0,28,0,-630,-2,0,27950.00,0
16.280112266540527,14253,16,31,0,0,73,-574,-1733628.00,0,28,0,-630,-2,0,27950.00,0
16.296713829040527,14271,16,31,0,0,73,-574,-1733628.00,0,28,0,-630,-2,0,27950.00,0
16.31325101852417,14288,16,31,0,0,73,-574,-1733628.00,0,28,0,-630,-2,0,27950.00,0
16.329474925994873,14305,16,31,0,0,73,-574,-1733628.00,0,28,0,-630,-2,0,27950.00,0
16.349730968475342,14323,16,31,0,0,73,-574,-1733628.00,0,28,0,-630,-2,0,27950.00,0
16.366132259368896,14340,16,31,0,0,73,-574,-1733628.00,0,28,0,-630,-2,0,27950.00,0
16.38263988494873,14358,16,31,0,0,73,-574,-1733628.00,0,28,0,-630,-2,0,27950.00,0
16.39942765235901,14375,16,31,0,0,73,-574,-1733628.00,0,28,0,-630,-2,0,27950.00,0
16.419285535812378,14392,16,31,0,0,73,-574,-1733628.00,0,28,0,-630,-2,0,27950.00,0
16.435754776000977,14410,16,31,0,0,73,-574,-1733628.00,0,28,0,-630,-2,0,27950.00,0
16.452270030975342,14426,16,31,0,0,73,-574,-1733628.00,0,28,0,-630,-2,0,27950.00,0
16.46891760826111,14444,16,31,0,0,73,-574,-1733628.00,0,28,0,-630,-2,0,27950.00,0
16.488919019699097,14461,16,31,0,0,73,-574,-1733628.00,0,28,0,-630,-2,0,27950.00,0
16.505386114120483,14478,16,31,0,0,73,-574,-1733628.00,0,28,0,-630,-2,0,27950.00,0
16.522093296051025,14496,16,31,0,0,73,-574,-1733628.00,0,28,0,-630,-2,0,27950.00,0
16.538349151611328,14513,16,31,0,0,73,-574,-1733628.00,0,28,0,-630,-2,0,27950.00,0
16.558565616607666,14531,16,31,0,0,73,-574,-1733628.00,0,28,0,-630,-2,0,27950.00,0
16.575088262557983,14548,16,31,0,0,73,-574,-1733628.00,0,28,0,-630,-2,0,27950.00,0
16.591535091400146,14565,16,31,0,0,73,-574,-1733628.00,0,28,0,-630,-2,0,27950.00,0
16.608230113983154,14583,16,31,0,0,73,-574,-1733628.00,0,28,0,-630,-2,0,27950.00,0
16.628088235855103,14600,16,31,0,0,73,-574,-1733628.00,0,28,0,-630,-2,0,27950.00,0
16.644744396209717,14618,16,31,0,0,73,-574,-1733628.00,0,28,0,-630,-2,0,27950.00,0
16.661510705947876,14635,16,31,0,0,73,-574,-1733628.00,0,28,0,-630,-2,0,27950.00,0
16.67787456512451,14652,16,31,0,0,73,-574,-1733628.00,0,28,0,-630,-2,0,27950.00,0
16.697861909866333,14670,16,31,0,0,73,-574,-1733628.00,0,28,0,-630,-2,0,27950.00,0
16.714229345321655,14687,16,31,0,0,73,-574,-1733628.00,0,28,0,-630,-2,0,27950.00,0
16.730870246887207,14705,16,31,0,0,73,-574,-1733628.00,0,28,0,-630,-2,0,27950.00,0
16.74719786643982,14722,16,31,0,0,73,-574,-1733628.00,0,28,0,-630,-2,0,27950.00,0
16.767363786697388,14740,16,31,0,0,73,-574,-1733628.00,0,28,0,-630,-2,0,27950.00,0
16.783907890319824,14757,16,31,0,0,73,-574,-1733628.00,0,28,0,-630,-2,0,27950.00,0
16.80035638809204,14774,16,31,0,0,73,-574,-1733628.00,0,28,0,-630,-2,0,27950.00,0
16.81680965423584,14792,16,31,0,0,73,-574,-1733628.00,0,28,0,-630,-2,0,27950.00,0
16.837073802947998,14809,16,31,0,0,73,-574,-1733628.00,0,28,0,-630,-2,0,27950.00,0
16.853578567504883,14827,16,31,0,0,73,-574,-1733628.00,0,28,0,-630,-2,0,27950.00,0
16.87010645866394,14844,16,31,0,0,73,-574,-1733628.00,0,28,0,-630,-2,0,27950.00,0
16.887701749801636,14861,16,31,0,0,73,-574,-1733628.00,0,28,0,-630,-2,0,27950.00,0
16.906591176986694,14879,16,31,0,0,73,-574,-1733628.00,0,28,0,-630,-2,0,27950.00,0
16.923236846923828,14896,16,31,0,0,73,-574,-1733628.00,0,28,0,-630,-2,0,27950.00,0
16.939722776412964,14914,16,31,0,0,73,-574,-1733628.00,0,28,0,-630,-2,0,27950.00,0
16.95612359046936,14931,16,31,0,0,73,-574,-1733628.00,0,28,0,-630,-2,0,27950.00,0
16.976223707199097,14948,16,31,0,0,73,-574,-1733628.00,0,28,0,-630,-2,0,27950.00,0
16.99285364151001,14965,16,31,0,0,73,-574,-1733628.00,0,28,0,-630,-2,0,27950.00,0
17.010585069656372,14982,16,31,0,0,73,-574,-1733628.00,0,28,0,-630,-2,0,27950.00,0
17.027791023254395,15000,16,31,0,0,73,-574,-1733628.00,0,28,0,-630,-2,0,27950.00,0
17.042712211608887,15017,16,31,0,0,73,-574,-1733628.00,0,28,0,-630,-2,0,27950.00,0
