time,tgt_cur,temp,pre_cur,pre_vel,ang[1],tgt_torq,run_mode
2130,-68,0,0,0,0,-1.41,0
2137,-68,0,0,0,0,-1.41,0
2141,-82,74,0,0,-3.2,-1.7,0
2147,-82,123,-56,-140,-3.2,-1.7,0
2154,-82,124,-58,-420,-3.2,-1.7,0
2160,-85,124,-65,-650,-3.6,-1.77,0
2167,-85,124,-66,-862,-3.6,-1.77,0
2173,-89,79,-71,-1120,-4,-1.84,0
2179,-92,28,-67,-1376,-4.4,-1.91,0
2185,-99,22,-73,-1631,-5.2,-2.05,0
2192,-103,22,-89,-1878,-5.6,-2.13,0
2198,-110,22,-77,-2227,-6.4,-2.29,0
2204,-122,22,-92,-2510,-7.6,-2.53,0
2211,-135,22,-104,-2875,-8.8,-2.8,0
2218,-149,22,-98,-3337,-10,-3.09,0
2224,-164,22,-117,-3699,-11.2,-3.4,0
2230,-187,22,-102,-4216,-12.8,-3.86,0
2237,-218,22,-138,-4790,-14.8,-4.5,0
2243,-252,22,-165,-5358,-16.8,-5.2,0
2251,-294,22,-211,-5946,-19.2,-6.08,0
2257,-336,22,-273,-6355,-21.6,-6.94,0
2263,-379,22,-343,-6569,-24.4,-7.82,0
2270,-411,22,-390,-6663,-27.2,-8.48,0
2276,-429,22,-412,-6759,-30,-8.86,0
2282,-433,22,-495,-6643,-33.2,-8.95,0
2289,-424,22,-472,-6427,-36,-8.76,0
2296,-406,22,-459,-5993,-38.8,-8.39,0
2303,-384,22,-433,-5625,-41.6,-7.93,0
2309,-364,22,-405,-5229,-44,-7.51,0
2315,-347,22,-384,-4993,-46,-7.16,0
2322,-329,22,-380,-4776,-48.4,-6.8,0
2328,-314,22,-358,-4424,-50.4,-6.49,0
2335,-301,22,-346,-4150,-52.4,-6.22,0
2342,-291,22,-349,-3606,-54,-6,0
2348,-280,22,-332,-3100,-55.6,-5.78,0
2354,-266,22,-327,-2658,-57.2,-5.5,0
2361,-260,22,-298,-2353,-58.4,-5.36,0
2367,-254,22,-275,-2197,-59.2,-5.26,0
2374,-243,22,-262,-2169,-60.4,-5.02,0
2381,-239,22,-236,-2271,-61.2,-4.93,0
2388,-227,22,-226,-2364,-62.4,-4.68,0
2394,-225,22,-213,-2606,-63.2,-4.65,0
2400,-217,22,-207,-2883,-64.4,-4.48,0
2407,-206,22,-195,-3139,-65.6,-4.25,0
2413,-198,22,-175,-3468,-67.2,-4.09,0
2421,-184,22,-168,-3705,-68.4,-3.81,0
2427,23,22,-169,-3941,-70,0.49,1
2432,28,22,-20,-3611,-71.6,0.58,1
2437,32,22,-13,-3293,-72.8,0.66,1
2442,35,22,-17,-2933,-73.6,0.73,1
2447,40,22,-12,-2606,-74.8,0.84,1
2451,44,22,-5,-2320,-75.6,0.93,1
2456,48,22,-6,-2043,-76.4,1,1
2462,48,22,5,-1818,-76.8,1,1
2467,48,22,13,-1612,-77.6,1,1
2472,48,22,18,-1387,-78,1,1
2476,48,22,17,-1230,-78.4,1,1
2481,48,22,29,-1054,-78.8,1,1
2486,48,22,21,-878,-79.2,1,1
2491,48,22,26,-722,-79.6,1,1
2495,48,22,23,-527,-79.6,1,1
2500,48,22,23,-321,-80,1,1
2506,48,22,32,-181,-80,1,1
2511,48,22,35,-41,-80,1,1
2515,48,22,38,68,-80,1,1
2520,48,22,41,145,-80,1,1
2525,48,22,43,236,-80,1,1
2530,48,22,38,335,-80,1,1
2534,48,22,39,455,-80,1,1
2539,48,22,48,538,-79.6,1,1
2544,48,22,37,615,-79.6,1,1
2550,48,22,40,722,-79.2,1,1
2554,48,22,42,791,-79.2,1,1
2559,48,22,38,898,-78.8,1,1
2564,48,22,50,958,-78.4,1,1
2568,48,22,38,1051,-78.4,1,1
2573,48,22,33,1123,-78,1,1
2578,48,22,43,1230,-77.6,1,1
2583,48,22,42,1307,-77.2,1,1
2588,48,22,50,1389,-76.8,1,1
2593,48,22,45,1494,-76.4,1,1
2598,44,22,40,1573,-75.6,0.93,1
2603,42,22,38,1650,-75.2,0.88,1
2608,40,22,40,1738,-74.8,0.84,1
2613,37,22,24,1875,-74,0.76,1
2617,35,22,26,2029,-73.6,0.73,1
2622,32,22,17,2172,-72.8,0.66,1
2627,29,22,19,2312,-72,0.61,1
2633,27,22,17,2496,-71.2,0.56,1
2638,24,22,11,2686,-70.4,0.51,1
2642,23,22,14,2834,-69.6,0.47,1
2647,21,22,6,3013,-68.8,0.44,1
2652,19,22,11,3205,-67.6,0.4,1
2657,18,22,4,3315,-66.8,0.38,1
2662,16,22,11,3477,-65.6,0.35,1
2667,15,22,7,3652,-64.4,0.33,1
2671,15,22,7,3743,-63.2,0.31,1
2677,14,22,9,3897,-62,0.3,1
2682,13,22,10,3919,-60.8,0.29,1
2687,13,22,10,4023,-59.6,0.28,1
2691,13,22,6,4059,-58,0.27,1
2696,12,22,-2,4078,-56.8,0.26,1
2701,12,22,16,4117,-55.6,0.26,1
2706,12,22,6,4092,-54,0.25,1
2711,11,22,15,4147,-52.8,0.24,1
2715,11,22,23,4106,-51.6,0.23,1
2721,10,22,16,4172,-50,0.22,1
2726,10,22,12,4114,-48.8,0.21,1
2731,9,22,11,4144,-47.2,0.19,1
2735,8,22,18,4089,-46,0.18,1
2740,8,22,13,4056,-44.8,0.17,1
2745,7,22,7,4042,-43.2,0.15,1
2750,6,22,13,3979,-42,0.14,1
2754,5,22,12,3996,-40.8,0.12,1
2759,5,22,9,3913,-39.6,0.11,1
2765,4,22,13,3935,-38.4,0.1,1
2769,4,22,15,3905,-36.8,0.09,1
2774,4,22,12,3847,-35.6,0.08,1
2779,3,22,12,3831,-34.4,0.08,1
2784,3,22,15,3757,-33.2,0.08,1
2788,4,22,8,3749,-32,0.08,1
2793,4,22,9,3666,-30.8,0.09,1
2798,5,22,11,3617,-29.6,0.11,1
2802,5,22,14,3617,-28.4,0.12,1
2808,7,22,17,3537,-27.2,0.15,1
2813,8,22,20,3534,-26,0.18,1
2818,9,22,-4,3488,-25.2,0.2,1
2822,11,22,14,3422,-24,0.24,1
2827,13,22,21,3414,-22.8,0.28,1
2832,16,22,24,3353,-21.6,0.34,1
2837,18,22,26,3339,-20.8,0.38,1
2842,21,22,28,3361,-19.6,0.44,1
2847,24,22,21,3301,-18.4,0.51,1
2852,28,22,35,3356,-17.2,0.59,1
2857,31,22,22,3386,-16.4,0.65,1
2862,35,22,31,3400,-15.2,0.74,1
2867,40,22,39,3504,-14,0.83,1
2872,45,22,42,3543,-12.8,0.93,1
2876,48,22,37,3617,-11.6,1,1
2881,48,22,39,3718,-10.4,1,1
2886,48,22,36,3762,-9.2,1,1
2892,48,22,38,3878,-8,1,1
2896,48,22,45,3902,-6.8,1,1
2901,48,22,48,3990,-5.6,1,1
2906,-92,22,52,4100,-4.4,-1.91,0
2912,-76,22,-30,3924,-2.4,-1.59,0
2918,-69,22,-2,3100,-0.8,-1.43,0
2924,-68,22,0,2384,0,-1.41,0
2928,-68,22,47,1005,0.4,-1.42,0
2935,-70,22,60,-406,0.8,-1.45,0
2941,-70,22,13,-1370,0.8,-1.45,0
2946,-68,22,-1,-1966,0.4,-1.42,0
2952,-68,22,-5,-2172,0,-1.41,0
2956,-69,22,-34,-2351,-0.8,-1.43,0
2962,-72,22,-63,-2474,-1.6,-1.49,0
2968,-79,22,-66,-2636,-2.8,-1.64,0
2975,-85,22,-75,-2812,-3.6,-1.77,0
2982,-95,22,-76,-2952,-4.8,-1.98,0
2988,-110,22,-92,-3133,-6.4,-2.29,0
2994,-122,22,-98,-3276,-7.6,-2.53,0
3001,-135,22,-163,-3070,-8.8,-2.8,0
3007,-154,22,-191,-2609,-10.4,-3.19,0
3013,-170,22,-208,-2026,-11.6,-3.51,0
3021,-181,22,-236,-1334,-12.4,-3.74,0
3027,-187,22,-231,-752,-12.8,-3.86,0
3033,-193,22,-229,-291,-13.2,-3.98,0
3040,-193,22,-217,-21,-13.2,-3.98,0
3046,-193,22,-199,52,-13.2,-3.98,0
3052,-193,22,-185,-46,-13.2,-3.98,0
3058,-193,22,-182,-233,-13.2,-3.98,0
3065,-199,22,-163,-593,-13.6,-4.11,0
3072,-199,22,-159,-1062,-13.6,-4.11,0
3078,-205,22,-158,-1634,-14,-4.24,0
3084,-218,22,-163,-2249,-14.8,-4.5,0
3091,-238,22,-175,-2848,-16,-4.92,0
3097,-259,22,-178,-3435,-17.2,-5.35,0
3104,-280,22,-212,-4037,-18.4,-5.79,0
3111,-315,22,-245,-4523,-20.4,-6.52,0
3117,-349,22,-275,-5009,-22.4,-7.21,0
3123,-379,22,-327,-5413,-24.4,-7.82,0
3130,-407,22,-362,-5737,-26.8,-8.4,0
3136,-425,22,-390,-5954,-29.2,-8.78,0
3142,-433,22,-429,-6053,-31.6,-8.95,0
3150,-431,22,-423,-6168,-34.4,-8.89,0
3156,-417,22,-434,-6023,-37.2,-8.62,0
3163,-400,22,-439,-5820,-39.6,-8.26,0
3169,-377,22,-423,-5561,-42.4,-7.78,0
3175,-357,22,-399,-5295,-44.8,-7.37,0
3182,-340,22,-382,-4993,-46.8,-7.03,0
3189,-324,22,-368,-4746,-49.2,-6.69,0
3195,-308,22,-349,-4652,-51.2,-6.37,0
3202,-294,22,-334,-4347,-53.2,-6.08,0
3208,-280,22,-325,-4199,-55.2,-5.79,0
3214,-268,22,-296,-4095,-56.8,-5.53,0
3221,-257,22,-281,-3979,-58.8,-5.31,0
3227,-243,22,-265,-4004,-60.4,-5.02,0
3235,-227,22,-234,-3985,-62.4,-4.68,0
3241,-210,22,-225,-4106,-64,-4.35,0
3247,-206,22,-202,-4130,-65.6,-4.25,0
3253,-197,22,-202,-4246,-67.6,-4.07,0
3260,-173,22,-195,-4438,-69.2,-3.59,0
3266,27,22,-165,-4446,-71.2,0.56,1
3271,32,22,-36,-4097,-72.8,0.66,1
3277,37,22,-20,-3598,-74,0.76,1
3282,42,22,-18,-3205,-75.2,0.88,1
3287,48,22,-15,-2812,-76.4,1,1
3292,48,22,-2,-2444,-77.2,1,1
3296,48,22,-3,-2200,-78,1,1
3301,48,22,9,-2007,-78.8,1,1
3306,48,22,16,-1818,-79.6,1,1
3311,48,22,22,-1609,-80,1,1
3316,48,22,23,-1428,-80.4,1,1
3321,48,22,20,-1244,-80.8,1,1
3326,48,22,24,-1101,-81.2,1,1
3331,48,22,26,-931,-81.6,1,1
3336,48,22,16,-769,-82,1,1
3340,48,22,17,-568,-82.4,1,1
3345,48,22,30,-392,-82.4,1,1
3350,48,22,30,-255,-82.4,1,1
3355,48,22,22,-131,-82.8,1,1
3360,48,22,31,-8,-82.8,1,1
3365,48,22,40,93,-82.8,1,1
3370,48,22,41,167,-82.8,1,1
3375,48,22,43,238,-82.8,1,1
3379,48,22,44,313,-82.4,1,1
3384,48,22,40,420,-82.4,1,1
3389,48,22,34,530,-82.4,1,1
3394,48,22,40,626,-82,1,1
3398,48,22,43,692,-82,1,1
3404,48,22,43,802,-81.6,1,1
3409,48,22,49,834,-81.6,1,1
3414,48,22,34,955,-81.2,1,1
3418,48,22,30,1021,-80.8,1,1
3423,48,22,37,1134,-80.4,1,1
3428,48,22,44,1194,-80,1,1
3433,48,22,41,1293,-79.6,1,1
3437,48,22,30,1384,-79.2,1,1
3442,48,22,39,1461,-78.8,1,1
3448,48,22,41,1510,-78.4,1,1
3453,48,22,42,1604,-78,1,1
3458,48,22,27,1691,-77.2,1,1
3462,48,22,42,1788,-76.8,1,1
3467,48,22,38,1892,-76.4,1,1
3472,44,22,38,1983,-75.6,0.93,1
3477,40,22,37,2081,-74.8,0.84,1
3482,38,22,20,2257,-74.4,0.8,1
3487,35,22,29,2455,-73.6,0.73,1
3492,32,22,21,2601,-72.8,0.66,1
3497,29,22,12,2746,-72,0.61,1
3502,25,22,15,2949,-70.8,0.53,1
3507,23,22,7,3095,-70,0.49,1
3511,21,22,16,3221,-68.8,0.44,1
3516,20,22,10,3386,-68,0.41,1
3521,18,22,16,3435,-66.8,0.38,1
3526,16,22,14,3515,-65.6,0.35,1
3532,15,22,12,3617,-64.4,0.33,1
3537,15,22,14,3630,-63.2,0.31,1
3541,14,22,11,3710,-62,0.3,1
3546,13,22,17,3699,-60.8,0.29,1
3551,13,22,12,3713,-59.6,0.28,1
3556,13,22,19,3732,-58.4,0.27,1
3561,12,22,16,3685,-57.2,0.27,1
3566,12,22,21,3716,-56,0.26,1
3570,12,22,19,3641,-54.8,0.25,1
3576,11,22,21,3625,-53.6,0.25,1
3581,11,22,19,3628,-52.4,0.24,1
3586,11,22,20,3565,-51.2,0.23,1
3590,10,22,16,3589,-50,0.22,1
3595,10,22,17,3543,-48.8,0.21,1
3600,9,22,22,3493,-47.6,0.2,1
3605,9,22,17,3493,-46.8,0.19,1
3609,8,22,10,3422,-45.6,0.18,1
3615,7,22,4,3414,-44.4,0.16,1
3620,7,22,8,3375,-43.2,0.15,1
3625,6,22,12,3323,-42,0.14,1
3629,6,22,20,3339,-41.2,0.13,1
3634,5,22,10,3309,-40,0.12,1
3639,5,22,15,3243,-38.8,0.1,1
3644,4,22,16,3273,-38,0.1,1
3648,4,22,15,3221,-36.8,0.09,1
3653,4,22,8,3166,-36,0.08,1
3659,3,22,19,3177,-34.8,0.08,1
3663,3,22,-3,3103,-33.6,0.08,1
3668,3,22,12,3062,-32.8,0.08,1
3673,4,22,14,3051,-31.6,0.09,1
3678,4,22,11,2966,-30.8,0.09,1
3683,5,22,7,2925,-29.6,0.11,1
3687,5,22,9,2916,-28.8,0.12,1
3692,6,22,12,2872,-28,0.13,1
3697,7,22,12,2807,-26.8,0.16,1
3703,8,22,15,2834,-26,0.18,1
3707,9,22,-3,2776,-25.2,0.2,1
3712,10,22,15,2724,-24.4,0.22,1
3717,12,22,16,2705,-23.2,0.27,1
3722,14,22,8,2688,-22.4,0.3,1
3726,16,22,23,2636,-21.6,0.34,1
3731,18,22,22,2611,-20.8,0.38,1
3736,20,22,23,2642,-20,0.42,1
3742,22,22,14,2636,-19.2,0.46,1
3746,26,22,27,2609,-18,0.54,1
3751,28,22,24,2655,-17.2,0.59,1
3756,31,22,22,2708,-16.4,0.65,1
3761,34,22,29,2705,-15.6,0.71,1
3766,37,22,35,2776,-14.8,0.77,1
3771,41,22,28,2864,-13.6,0.87,1
3775,45,22,36,2936,-12.8,0.93,1
3780,48,22,36,2988,-12,1,1
3786,48,22,55,3109,-10.8,1,1
3791,48,22,45,3183,-10,1,1
3796,48,22,39,3251,-8.8,1,1
3800,48,22,41,3364,-7.6,1,1
3805,48,22,49,3392,-6.8,1,1
3810,48,22,48,3499,-5.6,1,1
3815,-92,22,36,3636,-4.4,-1.91,0
3821,-79,22,-29,3430,-2.8,-1.64,0
3828,-70,22,-33,2837,-1.2,-1.45,0
3834,-68,22,-4,1906,-0.4,-1.41,0
3840,-68,22,9,1159,0,-1.41,0
3844,-68,22,38,-46,0.4,-1.42,0
3850,-68,22,7,-977,0.4,-1.42,0
3855,-68,22,-1,-1348,0,-1.41,0
3859,-68,22,-4,-1634,0,-1.41,0
3863,-68,22,-33,-1856,-0.4,-1.41,0
3870,-70,22,-58,-2005,-1.2,-1.45,0
3876,-74,22,-54,-2134,-2,-1.54,0
3882,-79,22,-72,-2186,-2.8,-1.64,0
3888,-85,22,-90,-2156,-3.6,-1.77,0
3894,-95,22,-96,-2057,-4.8,-1.98,0
3901,-103,22,-92,-2018,-5.6,-2.13,0
3907,-110,22,-118,-1950,-6.4,-2.29,0
3914,-118,22,-117,-1889,-7.2,-2.45,0
3921,-127,22,-117,-1831,-8,-2.62,0
3926,-135,22,-136,-1796,-8.8,-2.8,0
3933,-144,22,-120,-1864,-9.6,-2.99,0
3939,-154,22,-135,-1966,-10.4,-3.19,0
3945,-164,22,-142,-2092,-11.2,-3.4,0
3952,-175,22,-142,-2342,-12,-3.63,0
3959,-193,22,-150,-2647,-13.2,-3.98,0
3965,-211,22,-163,-2977,-14.4,-4.37,0
3972,-231,22,-166,-3479,-15.6,-4.78,0
3978,-259,22,-184,-3990,-17.2,-5.35,0
3985,-287,22,-208,-4622,-18.8,-5.93,0
3991,-322,22,-238,-5262,-20.8,-6.66,0
3999,-361,22,-264,-5918,-23.2,-7.46,0
4005,-394,22,-309,-6578,-25.6,-8.13,0
4011,-420,22,-260,-6992,-28.4,-8.68,0
4018,-433,22,-261,-7001,-31.6,-8.95,0
4024,-429,22,-336,-7014,-34.8,-8.86,0
4030,-415,22,-351,-7028,-37.6,-8.56,0
4037,-391,22,-371,-6797,-40.8,-8.07,0
4044,-364,22,-406,-6663,-44,-7.51,0
4051,-340,22,-448,-6679,-46.8,-7.03,0
4057,-320,22,-376,-6418,-49.6,-6.61,0
4063,-301,22,-353,-5891,-52.4,-6.22,0
4070,-284,22,-345,-5484,-54.8,-5.87,0
4076,-266,22,-325,-5163,-57.2,-5.5,0
4082,-251,22,-303,-4746,-59.6,-5.18,0
4090,-238,22,-286,-4298,-61.6,-4.93,0
4096,-219,22,-264,-4048,-63.6,-4.53,0
4103,-201,22,-251,-3672,-65.2,-4.16,0
4109,-198,22,-221,-3490,-67.2,-4.09,0
4115,-184,22,-216,-3309,-68.4,-3.81,0
4122,23,22,-202,-3251,-70,0.49,1
4128,27,22,-44,-2691,-71.2,0.56,1
4133,29,22,-46,-2117,-72,0.61,1
4137,32,22,-33,-1672,-72.8,0.66,1
4142,33,22,-28,-1255,-73.2,0.7,1
4147,35,22,-13,-939,-73.6,0.73,1
4152,37,22,-1,-648,-74,0.76,1
4157,37,22,-6,-475,-74,0.76,1
4161,38,22,5,-340,-74.4,0.8,1
4166,38,22,28,-208,-74.4,0.8,1
4172,38,22,28,-87,-74.4,0.8,1
4177,38,22,29,0,-74.4,0.8,1
4181,38,22,27,115,-74.4,0.8,1
4186,38,22,25,192,-74.4,0.8,1
4191,38,22,39,258,-74.4,0.8,1
4196,38,22,36,293,-74.4,0.8,1
4200,37,22,35,351,-74,0.76,1
4205,37,22,21,425,-74,0.76,1
4210,37,22,31,510,-74,0.76,1
4216,35,22,36,582,-73.6,0.73,1
4220,35,22,32,631,-73.6,0.73,1
4225,33,22,32,703,-73.2,0.7,1
4230,33,22,31,744,-73.2,0.7,1
4235,32,22,31,791,-72.8,0.66,1
4239,32,22,25,865,-72.8,0.66,1
4244,30,22,30,878,-72.4,0.63,1
4249,29,22,28,947,-72,0.61,1
4255,28,22,30,975,-71.6,0.58,1
4259,28,22,23,1035,-71.6,0.58,1
4264,27,22,28,1068,-71.2,0.56,1
4269,25,22,28,1087,-70.8,0.53,1
4274,24,22,26,1139,-70.4,0.51,1
4279,23,22,25,1153,-70,0.49,1
4283,23,22,25,1181,-69.6,0.47,1
4288,22,22,20,1189,-69.2,0.46,1
4293,21,22,23,1200,-68.8,0.44,1
4299,20,22,22,1249,-68.4,0.43,1
4304,20,22,16,1268,-68,0.41,1
4309,19,22,22,1288,-67.6,0.4,1
4313,18,22,23,1288,-67.2,0.39,1
4318,18,22,10,1312,-66.8,0.38,1
4323,17,22,20,1318,-66.4,0.37,1
4328,17,22,24,1334,-66,0.36,1
4333,16,22,24,1395,-65.6,0.35,1
4338,16,22,13,1466,-64.8,0.33,1
4343,15,22,16,1455,-64.4,0.33,1
4348,15,22,20,1433,-64,0.32,1
4353,15,22,21,1441,-63.6,0.32,1
4358,15,22,17,1494,-63.2,0.31,1
4362,14,22,7,1606,-62.4,0.3,1
4367,14,22,5,1733,-62,0.3,1
4372,14,22,13,1856,-61.6,0.29,1
4377,13,22,2,1961,-60.8,0.29,1
4383,13,22,9,2068,-60.4,0.28,1
4387,13,22,-10,2183,-59.6,0.28,1
4392,13,22,4,2312,-58.8,0.27,1
4397,13,22,5,2419,-58,0.27,1
4402,12,22,5,2504,-57.2,0.27,1
4407,12,22,10,2609,-56.4,0.26,1
4411,12,22,7,2697,-55.6,0.26,1
4416,12,22,12,2721,-54.8,0.25,1
4421,12,22,4,2735,-54,0.25,1
4427,11,22,10,2787,-52.8,0.24,1
4431,11,22,13,2790,-52,0.24,1
4436,11,22,13,2768,-51.2,0.23,1
4441,10,22,10,2779,-50.4,0.22,1
4446,10,22,16,2765,-49.2,0.21,1
4451,10,22,16,2721,-48.4,0.21,1
4455,9,22,18,2699,-47.6,0.2,1
4460,9,22,14,2686,-46.8,0.19,1
4465,8,22,18,2628,-45.6,0.18,1
4470,8,22,16,2598,-44.8,0.17,1
4475,7,22,11,2606,-44,0.16,1
4480,7,22,14,2562,-43.2,0.15,1
4485,6,22,17,2515,-42.4,0.14,1
4489,6,22,7,2493,-41.6,0.13,1
4494,5,22,10,2493,-40.8,0.12,1
4499,5,22,15,2460,-40,0.12,1
4504,5,22,15,2425,-39.2,0.11,1
4508,4,22,12,2395,-38.4,0.1,1
4514,4,22,11,2381,-37.6,0.09,1
4519,4,22,16,2362,-36.8,0.09,1
4524,4,22,12,2315,-36,0.08,1
4528,3,22,12,2285,-35.2,0.08,1
4533,3,22,10,2263,-34.8,0.08,1
4538,3,22,13,2216,-34,0.08,1
4543,3,22,13,2172,-33.2,0.08,1
4547,3,22,14,2153,-32.4,0.08,1
4553,4,22,13,2128,-31.6,0.09,1
4558,4,22,4,2062,-31.2,0.09,1
4563,4,22,12,2005,-30.4,0.1,1
4567,5,22,5,1983,-29.6,0.11,1
4572,5,22,15,1969,-29.2,0.11,1
4577,5,22,10,1950,-28.4,0.12,1
4582,6,22,13,1908,-28,0.13,1
4587,7,22,11,1864,-27.2,0.15,1
4591,7,22,18,1834,-26.8,0.16,1
4597,8,22,10,1820,-26,0.18,1
4602,9,22,15,1793,-25.6,0.19,1
4606,10,22,10,1757,-24.8,0.21,1
4611,10,22,24,1735,-24.4,0.22,1
4616,12,22,12,1733,-23.6,0.25,1
4621,12,22,10,1774,-23.2,0.27,1
4626,14,22,13,1801,-22.4,0.3,1
4630,15,22,17,1831,-22,0.32,1
4635,17,22,5,1972,-21.2,0.36,1
4641,18,22,12,2098,-20.8,0.38,1
4646,20,22,10,2243,-20,0.42,1
4651,22,22,12,2356,-19.2,0.46,1
4655,24,22,9,2493,-18.4,0.51,1
4660,27,22,3,2658,-17.6,0.56,1
4665,29,22,12,2820,-16.8,0.62,1
4670,32,22,14,2960,-16,0.68,1
4674,37,22,17,3043,-14.8,0.77,1
4679,40,22,31,3172,-14,0.83,1
4685,45,22,38,3216,-12.8,0.93,1
4690,48,22,36,3249,-12,1,1
4695,48,22,39,3350,-10.8,1,1
4699,48,22,41,3403,-9.6,1,1
4704,48,22,41,3496,-8.4,1,1
4709,48,22,43,3589,-7.6,1,1
4714,48,22,38,3636,-6.4,1,1
4718,48,22,31,3768,-5.2,1,1
4724,-89,22,45,3812,-4,-1.84,0
4730,-76,22,-18,3650,-2.4,-1.59,0
4736,-69,22,-4,2820,-0.8,-1.43,0
4742,-68,22,-3,2125,0,-1.41,0
4746,-68,22,39,812,0.4,-1.42,0
4752,-70,22,40,-444,0.8,-1.45,0
4758,-70,22,13,-1307,0.8,-1.45,0
4763,-68,22,1,-1702,0,-1.41,0
4768,-68,22,-10,-1963,0,-1.41,0
4772,-68,22,-28,-2161,-0.4,-1.41,0
4778,-70,22,-52,-2345,-1.2,-1.45,0
4784,-76,22,-62,-2469,-2.4,-1.59,0
4790,-82,22,-61,-2655,-3.2,-1.7,0
4797,-92,22,-72,-2828,-4.4,-1.91,0
4803,-103,22,-85,-3021,-5.6,-2.13,0
4810,-114,22,-85,-3295,-6.8,-2.37,0
4816,-131,22,-104,-3427,-8.4,-2.71,0
4823,-149,22,-115,-3589,-10,-3.09,0
4829,-164,22,-144,-3680,-11.2,-3.4,0
4835,-187,22,-152,-3793,-12.8,-3.86,0
4842,-218,22,-180,-3867,-14.8,-4.5,0
4848,-245,22,-209,-3957,-16.4,-5.06,0
4856,-273,22,-235,-4152,-18,-5.64,0
4862,-308,22,-260,-4328,-20,-6.37,0
4868,-336,22,-300,-4663,-21.6,-6.94,0
4875,-367,22,-312,-5007,-23.6,-7.58,0
4881,-398,22,-333,-5386,-26,-8.23,0
4887,-420,22,-362,-5847,-28.4,-8.68,0
4895,-432,22,-388,-6394,-30.8,-8.92,0
4901,-433,22,-368,-6946,-33.6,-8.94,0
4908,-420,22,-343,-7135,-36.8,-8.67,0
4914,-397,22,-333,-7012,-40,-8.21,0
4921,-374,22,-320,-6913,-42.8,-7.72,0
4927,-347,22,-369,-6882,-46,-7.16,0
4933,-324,22,-381,-6806,-48.8,-6.7,0
4941,-305,22,-400,-6800,-52,-6.3,0
4947,-284,22,-357,-6451,-54.8,-5.87,0
4953,-266,22,-346,-5907,-57.6,-5.5,0
4960,-246,22,-344,-5237,-60,-5.09,0
4966,-227,22,-302,-4496,-62.4,-4.68,0
4972,-217,22,-274,-3765,-64.4,-4.48,0
4980,-202,22,-262,-3364,-66,-4.17,0
4986,-197,22,-230,-3004,-67.6,-4.07,0
4993,-182,22,-225,-2787,-68.8,-3.77,0
4999,24,22,-205,-2655,-70.4,0.51,1
5004,27,22,-53,-2068,-71.2,0.56,1
5009,28,22,-43,-1502,-71.6,0.58,1
5014,30,22,-35,-1043,-72.4,0.63,1
5019,30,22,-26,-650,-72.4,0.63,1
5024,32,22,-24,-326,-72.8,0.66,1
5029,32,22,-15,-93,-72.8,0.66,1
5034,32,22,13,65,-72.8,0.66,1
5039,32,22,20,134,-72.8,0.66,1
5043,32,22,29,195,-72.8,0.66,1
5048,32,22,21,263,-72.8,0.66,1
5053,32,22,25,307,-72.8,0.66,1
5058,30,22,17,362,-72.4,0.63,1
5062,30,22,28,401,-72.4,0.63,1
5068,30,22,31,439,-72.4,0.63,1
5073,29,22,26,510,-72,0.61,1
5078,29,22,29,552,-72,0.61,1
5083,29,22,29,574,-72,0.61,1
5087,28,22,25,623,-71.6,0.58,1
5092,28,22,23,678,-71.6,0.58,1
5097,27,22,31,683,-71.2,0.56,1
5102,25,22,27,758,-70.8,0.53,1
5106,25,22,26,766,-70.8,0.53,1
5112,24,22,27,780,-70.4,0.51,1
5117,24,22,26,848,-70.4,0.51,1
5122,23,22,24,851,-70,0.49,1
5126,23,22,23,884,-69.6,0.47,1
5131,22,22,29,878,-69.2,0.46,1
5136,22,22,13,928,-69.2,0.46,1
5141,21,22,23,917,-68.8,0.44,1
5145,20,22,23,977,-68.4,0.43,1
5151,20,22,23,966,-68,0.41,1
5156,20,22,16,1016,-68,0.41,1
5161,19,22,23,1005,-67.6,0.4,1
5166,18,22,24,1024,-67.2,0.39,1
5171,18,22,23,1032,-66.8,0.38,1
5175,17,22,25,1035,-66.4,0.37,1
5180,17,22,20,1046,-66,0.36,1
5185,17,22,27,1032,-66,0.36,1
5190,16,22,18,1054,-65.6,0.35,1
5196,16,22,18,1084,-65.2,0.34,1
5201,16,22,21,1082,-64.8,0.33,1
5205,15,22,13,1098,-64.4,0.33,1
5210,15,22,18,1084,-64,0.32,1
5215,15,22,5,1115,-63.6,0.32,1
5220,15,22,18,1109,-63.2,0.31,1
5224,14,22,9,1203,-62.8,0.31,1
5229,14,22,22,1246,-62.4,0.3,1
5234,14,22,18,1194,-62,0.3,1
5240,14,22,18,1230,-61.6,0.29,1
5245,14,22,16,1293,-61.2,0.29,1
5250,13,22,13,1400,-60.8,0.29,1
5254,13,22,8,1510,-60.4,0.28,1
5259,13,22,7,1650,-60,0.28,1
5264,13,22,11,1757,-59.6,0.28,1
5269,13,22,3,1922,-58.8,0.27,1
5274,13,22,5,2057,-58.4,0.27,1
5279,13,22,6,2178,-57.6,0.27,1
5284,12,22,-2,2312,-56.8,0.26,1
5289,12,22,2,2460,-56,0.26,1
5294,12,22,2,2524,-55.2,0.26,1
5298,12,22,4,2565,-54.4,0.25,1
5303,11,22,9,2614,-53.6,0.25,1
5308,11,22,15,2669,-52.8,0.24,1
5313,11,22,8,2699,-52,0.24,1
5317,11,22,7,2669,-51.2,0.23,1
5323,10,22,6,2699,-50,0.22,1
5328,10,22,17,2683,-49.2,0.21,1
5333,10,22,13,2636,-48.4,0.21,1
5337,9,22,18,2614,-47.6,0.2,1
5342,9,22,13,2609,-46.8,0.19,1
5347,8,22,9,2559,-46,0.18,1
5351,8,22,11,2521,-45.2,0.17,1
5356,7,22,10,2502,-44.4,0.16,1
5361,7,22,14,2491,-43.6,0.15,1
5367,7,22,16,2430,-42.8,0.15,1
5371,6,22,12,2400,-42,0.14,1
5376,6,22,15,2408,-41.2,0.13,1
5381,5,22,-5,2392,-40.4,0.12,1
5386,5,22,11,2329,-39.6,0.11,1
5390,5,22,16,2304,-38.8,0.1,1
5395,4,22,17,2312,-38,0.1,1
5400,4,22,9,2276,-37.2,0.09,1
5406,4,22,15,2219,-36.4,0.09,1
5410,4,22,12,2205,-35.6,0.08,1
5415,3,22,15,2186,-35.2,0.08,1
5420,3,22,7,2178,-34.4,0.08,1
5424,3,22,9,2109,-33.6,0.08,1
5429,3,22,12,2073,-32.8,0.08,1
5434,3,22,15,2043,-32.4,0.08,1
5439,4,22,13,2015,-31.6,0.09,1
5444,4,22,9,1961,-30.8,0.09,1
5449,4,22,9,1919,-30.4,0.1,1
5454,5,22,7,1873,-29.6,0.11,1
5459,5,22,15,1873,-29.2,0.11,1
5464,5,22,14,1845,-28.4,0.12,1
5468,6,22,-1,1807,-28,0.13,1
5473,7,22,7,1757,-27.2,0.15,1
5478,7,22,12,1730,-26.8,0.16,1
5482,7,22,16,1738,-26.4,0.16,1
5487,9,22,13,1735,-25.6,0.19,1
5493,9,22,15,1763,-25.2,0.2,1
5498,10,22,1,1779,-24.4,0.22,1
5502,11,22,10,1862,-24,0.24,1
5507,12,22,8,2032,-23.2,0.27,1
5512,13,22,-7,2139,-22.8,0.28,1
5517,15,22,-3,2265,-22,0.32,1
5521,17,22,-15,2389,-21.2,0.36,1
5526,19,22,4,2579,-20.4,0.4,1
5531,21,22,5,2724,-19.6,0.44,1
5537,23,22,8,2828,-18.8,0.49,1
5541,27,22,8,2936,-17.6,0.56,1
5546,29,22,7,3067,-16.8,0.62,1
5551,34,22,7,3125,-15.6,0.71,1
5556,37,22,21,3202,-14.8,0.77,1
5561,41,22,31,3315,-13.6,0.87,1
5565,45,22,41,3320,-12.8,0.93,1
5570,48,22,39,3403,-11.6,1,1
5575,48,22,38,3493,-10.4,1,1
5581,48,22,41,3540,-9.2,1,1
5586,48,22,44,3655,-8,1,1
5590,48,22,35,3724,-6.8,1,1
5595,48,22,46,3765,-5.6,1,1
5600,-92,22,47,3911,-4.4,-1.91,0
5606,-79,22,-22,3705,-2.8,-1.64,0
5612,-70,22,-16,3092,-1.2,-1.45,0
5618,-68,22,4,2460,0,-1.41,0
5623,-68,22,3,1724,0,-1.41,0
5627,-68,22,45,417,0.4,-1.42,0
5632,-70,22,24,-664,0.8,-1.45,0
5638,-68,22,6,-1452,0.4,-1.42,0
5644,-68,22,-3,-1774,0,-1.41,0
5648,-68,22,-10,-1963,0,-1.41,0
5652,-69,22,-37,-2161,-0.8,-1.43,0
5658,-72,22,-57,-2293,-1.6,-1.49,0
5665,-76,22,-58,-2474,-2.4,-1.59,0
5671,-85,22,-63,-2661,-3.6,-1.77,0
5677,-95,22,-68,-2837,-4.8,-1.98,0
5684,-106,22,-68,-3122,-6,-2.21,0
5690,-118,22,-89,-3392,-7.2,-2.45,0
5696,-135,22,-103,-3661,-8.8,-2.8,0
5703,-154,22,-132,-3867,-10.4,-3.19,0
5710,-175,22,-161,-3974,-12,-3.63,0
5716,-199,22,-176,-3968,-13.6,-4.11,0
5723,-224,22,-204,-4056,-15.2,-4.64,0
5729,-259,22,-237,-4053,-17.2,-5.35,0
5736,-287,22,-259,-4130,-18.8,-5.93,0
5742,-322,22,-282,-4240,-20.8,-6.66,0
5749,-349,22,-317,-4394,-22.4,-7.21,0
5756,-379,22,-336,-4660,-24.4,-7.82,0
5762,-403,22,-359,-4913,-26.4,-8.32,0
5768,-423,22,-371,-5276,-28.8,-8.73,0
5775,-432,22,-379,-5800,-30.8,-8.92,0
5781,-433,22,-407,-6369,-33.6,-8.94,0
5788,-422,22,-401,-6825,-36.4,-8.71,0
5795,-403,22,-343,-7113,-39.2,-8.33,0
5801,-377,22,-322,-6959,-42.4,-7.78,0
5808,-353,22,-368,-6891,-45.2,-7.3,0
5814,-329,22,-392,-6932,-48.4,-6.8,0
5820,-308,22,-417,-6731,-51.2,-6.37,0
5827,-287,22,-362,-6589,-54.4,-5.93,0
5834,-266,22,-354,-5987,-57.2,-5.5,0
5840,-251,22,-319,-5292,-59.6,-5.18,0
5847,-232,22,-302,-4487,-62,-4.79,0
5853,-210,22,-283,-3971,-64,-4.35,0
5859,-206,22,-248,-3356,-65.6,-4.25,0
5866,-198,22,-234,-3034,-67.2,-4.09,0
5872,-184,22,-222,-2746,-68.4,-3.81,0
5880,-170,22,-204,-2606,-69.6,-3.52,0
5886,25,22,-185,-2491,-70.8,0.53,1
5891,28,22,-37,-1958,-71.6,0.58,1
5896,30,22,-18,-1480,-72.4,0.63,1
5901,32,22,-26,-1054,-72.8,0.66,1
5905,33,22,-15,-719,-73.2,0.7,1
5910,33,22,-19,-392,-73.2,0.7,1
5915,33,22,-12,-197,-73.2,0.7,1
5921,35,22,12,-19,-73.6,0.73,1
5925,35,22,24,82,-73.6,0.73,1
5930,35,22,24,156,-73.6,0.73,1
5935,33,22,18,205,-73.2,0.7,1
5940,33,22,30,269,-73.2,0.7,1
5944,33,22,39,329,-73.2,0.7,1
5949,33,22,25,373,-73.2,0.7,1
5954,32,22,28,406,-72.8,0.66,1
5959,32,22,31,483,-72.8,0.66,1
5964,32,22,30,554,-72.8,0.66,1
5969,30,22,32,590,-72.4,0.63,1
5974,30,22,30,626,-72.4,0.63,1
5979,29,22,28,692,-72,0.61,1
5983,29,22,30,703,-72,0.61,1
5988,28,22,31,755,-71.6,0.58,1
5993,28,22,19,810,-71.6,0.58,1
5998,27,22,26,826,-71.2,0.56,1
6002,25,22,26,887,-70.8,0.53,1
6008,24,22,35,878,-70.4,0.51,1
6013,24,22,10,944,-70.4,0.51,1
6018,23,22,24,942,-70,0.49,1
6023,23,22,24,991,-69.6,0.47,1
6027,22,22,27,975,-69.2,0.46,1
6032,22,22,20,1027,-69.2,0.46,1
6037,21,22,24,1029,-68.8,0.44,1
6042,20,22,24,1065,-68.4,0.43,1
6048,20,22,17,1079,-68,0.41,1
6052,19,22,24,1104,-67.6,0.4,1
6057,18,22,20,1126,-67.2,0.39,1
6062,18,22,24,1115,-66.8,0.38,1
6067,17,22,27,1123,-66.4,0.37,1
6072,17,22,23,1142,-66,0.36,1
6077,16,22,25,1126,-65.6,0.35,1
6081,16,22,23,1172,-65.6,0.35,1
6086,16,22,6,1249,-65.2,0.34,1
6092,16,22,16,1315,-64.8,0.33,1
6097,15,22,18,1334,-64,0.32,1
6102,15,22,20,1310,-63.6,0.32,1
6106,15,22,13,1288,-63.2,0.31,1
6111,14,22,18,1395,-62.8,0.31,1
6116,14,22,10,1532,-62.4,0.3,1
6121,14,22,-2,1683,-62,0.3,1
6126,14,22,8,1809,-61.2,0.29,1
6130,13,22,1,1944,-60.8,0.29,1
6136,13,22,2,2103,-60,0.28,1
6141,13,22,5,2232,-59.6,0.28,1
6146,13,22,2,2378,-58.8,0.27,1
6151,13,22,2,2496,-58,0.27,1
6155,12,22,17,2581,-57.2,0.27,1
6160,12,22,3,2672,-56.4,0.26,1
6165,12,22,-4,2738,-55.6,0.26,1
6170,12,22,2,2730,-54.4,0.25,1
6175,11,22,8,2776,-53.6,0.25,1
6180,11,22,7,2812,-52.8,0.24,1
6185,11,22,14,2793,-52,0.24,1
6190,11,22,15,2763,-50.8,0.23,1
6194,10,22,26,2801,-50,0.22,1
6199,10,22,9,2771,-49.2,0.21,1
6204,10,22,17,2730,-48.4,0.21,1
6209,9,22,12,2710,-47.2,0.19,1
6213,9,22,21,2686,-46.4,0.19,1
6219,8,22,19,2625,-45.6,0.18,1
6224,8,22,16,2595,-44.8,0.17,1
6229,7,22,13,2611,-44,0.16,1
6233,7,22,12,2557,-43.2,0.15,1
6238,6,22,9,2518,-42.4,0.14,1
6243,6,22,17,2493,-41.6,0.13,1
6248,5,22,15,2496,-40.8,0.12,1
6252,5,22,17,2460,-40,0.12,1
6257,5,22,15,2403,-39.2,0.11,1
6263,4,22,8,2406,-38.4,0.1,1
6267,4,22,15,2389,-37.6,0.09,1
6272,4,22,8,2351,-36.8,0.09,1
6277,4,22,16,2296,-36,0.08,1
6282,3,22,13,2296,-35.2,0.08,1
6286,3,22,12,2276,-34.4,0.08,1
6291,3,22,11,2216,-33.6,0.08,1
6296,3,22,15,2167,-32.8,0.08,1
6302,3,22,11,2136,-32.4,0.08,1
6307,4,22,14,2109,-31.6,0.09,1
6311,4,22,10,2065,-30.8,0.09,1
6316,4,22,11,2007,-30.4,0.1,1
6321,5,22,10,1977,-29.6,0.11,1
6326,5,22,12,1961,-28.8,0.12,1
6330,5,22,9,1936,-28.4,0.12,1
6335,6,22,17,1897,-27.6,0.14,1
6340,7,22,19,1851,-27.2,0.15,1
6346,7,22,11,1815,-26.4,0.16,1
6350,8,22,15,1818,-26,0.18,1
6355,9,22,15,1779,-25.2,0.2,1
6360,10,22,17,1755,-24.8,0.21,1
6365,11,22,15,1722,-24,0.24,1
6369,12,22,8,1691,-23.6,0.25,1
6374,12,22,18,1697,-23.2,0.27,1
6379,14,22,15,1697,-22.4,0.3,1
6384,15,22,10,1680,-22,0.32,1
6389,17,22,9,1683,-21.2,0.36,1
6394,18,22,19,1719,-20.8,0.38,1
6399,19,22,18,1763,-20.4,0.4,1
6404,21,22,15,1933,-19.6,0.44,1
6409,22,22,13,2018,-19.2,0.46,1
6413,24,22,15,2109,-18.4,0.51,1
6418,27,22,12,2224,-17.6,0.56,1
6423,29,22,14,2386,-16.8,0.62,1
6428,32,22,17,2496,-16,0.68,1
6434,35,22,20,2587,-15.2,0.74,1
6438,38,22,25,2749,-14.4,0.8,1
6443,41,22,28,2861,-13.6,0.87,1
6448,45,22,37,2930,-12.8,0.93,1
6453,48,22,29,3010,-11.6,1,1
6458,48,22,41,3114,-10.8,1,1
6462,48,22,49,3136,-9.6,1,1
6467,48,22,43,3227,-8.8,1,1
6473,48,22,35,3339,-7.6,1,1
6478,48,22,41,3378,-6.4,1,1
6482,48,22,41,3488,-5.6,1,1
6487,-92,22,41,3606,-4.4,-1.91,0
6493,-79,22,-39,3397,-2.8,-1.64,0
6499,-70,22,-20,2757,-1.2,-1.45,0
6506,-68,22,2,2178,0,-1.41,0
6509,-68,22,6,1513,0,-1.41,0
6513,-68,22,34,285,0.4,-1.42,0
6520,-68,22,18,-733,0.4,-1.42,0
6526,-68,22,7,-1200,0,-1.41,0
6530,-68,22,-2,-1540,0,-1.41,0
6533,-68,22,-11,-1730,0,-1.41,0
6537,-69,22,-35,-1958,-0.8,-1.43,0
6543,-72,22,-53,-2125,-1.6,-1.49,0
6549,-76,22,-60,-2276,-2.4,-1.59,0
6556,-82,22,-68,-2482,-3.2,-1.7,0
6563,-92,22,-80,-2658,-4.4,-1.91,0
6569,-103,22,-79,-2867,-5.6,-2.13,0
6575,-114,22,-89,-3150,-6.8,-2.37,0
6582,-127,22,-102,-3317,-8,-2.62,0
6587,-140,22,-120,-3482,-9.2,-2.89,0
6594,-159,22,-133,-3504,-10.8,-3.29,0
6601,-181,22,-151,-3603,-12.4,-3.74,0
6607,-205,22,-186,-3567,-14,-4.24,0
6614,-231,22,-206,-3685,-15.6,-4.78,0
6620,-259,22,-218,-3743,-17.2,-5.35,0
6627,-287,22,-250,-3938,-18.8,-5.93,0
6633,-315,22,-266,-4169,-20.4,-6.52,0
6639,-349,22,-285,-4520,-22.4,-7.21,0
6647,-379,22,-320,-4941,-24.4,-7.82,0
6653,-403,22,-339,-5353,-26.4,-8.32,0
6659,-423,22,-378,-5830,-28.8,-8.73,0
6666,-433,22,-390,-6418,-31.2,-8.94,0
6672,-432,22,-357,-6954,-34,-8.92,0
6679,-417,22,-352,-7047,-37.2,-8.62,0
6686,-394,22,-316,-6995,-40.4,-8.13,0
6693,-371,22,-361,-6762,-43.2,-7.65,0
6699,-344,22,-412,-6723,-46.4,-7.1,0
6705,-324,22,-429,-6748,-49.2,-6.69,0
6712,-305,22,-357,-6421,-52,-6.3,0
6718,-284,22,-354,-5858,-54.8,-5.87,0
6724,-266,22,-347,-5251,-57.6,-5.5,0
6732,-251,22,-332,-4570,-59.6,-5.18,0
6738,-232,22,-298,-3883,-62,-4.79,0
6745,-219,22,-278,-3474,-63.6,-4.53,0
6751,-201,22,-236,-3122,-65.2,-4.16,0
6757,-192,22,-214,-2916,-66.4,-3.98,0
6764,-197,22,-204,-2746,-67.6,-4.07,0
6770,-182,22,-204,-2697,-68.8,-3.77,0
6778,23,22,-193,-2666,-70,0.49,1
6783,27,22,-49,-2183,-71.2,0.56,1
6787,28,22,-35,-1675,-71.6,0.58,1
6792,30,22,-28,-1257,-72.4,0.63,1
6797,32,22,-26,-867,-72.8,0.66,1
6802,32,22,-4,-585,-72.8,0.66,1
6807,33,22,-6,-348,-73.2,0.7,1
6811,33,22,-8,-129,-73.2,0.7,1
6817,33,22,15,43,-73.2,0.7,1
6822,33,22,17,120,-73.2,0.7,1
6827,33,22,26,164,-73.2,0.7,1
6831,33,22,31,197,-73.2,0.7,1
6836,33,22,31,222,-73.2,0.7,1
6841,33,22,30,274,-73.2,0.7,1
6846,32,22,33,313,-72.8,0.66,1
6850,32,22,32,384,-72.8,0.66,1
6855,32,22,22,450,-72.8,0.66,1
6861,30,22,30,510,-72.4,0.63,1
6866,30,22,32,543,-72.4,0.63,1
6870,30,22,28,606,-72.4,0.63,1
6875,29,22,28,642,-72,0.61,1
6880,28,22,27,672,-71.6,0.58,1
6885,28,22,25,744,-71.6,0.58,1
6889,27,22,29,760,-71.2,0.56,1
6894,27,22,27,791,-71.2,0.56,1
6900,25,22,26,851,-70.8,0.53,1
6905,24,22,28,856,-70.4,0.51,1
6909,24,22,22,922,-70.4,0.51,1
6914,23,22,22,925,-70,0.49,1
6919,23,22,22,955,-69.6,0.47,1
6924,22,22,33,953,-69.2,0.46,1
6928,22,22,23,994,-69.2,0.46,1
6933,21,22,24,1002,-68.8,0.44,1
6938,20,22,18,1040,-68.4,0.43,1
6944,20,22,15,1054,-68,0.41,1
6949,19,22,15,1079,-67.6,0.4,1
6954,18,22,25,1093,-67.2,0.39,1
6958,18,22,16,1093,-66.8,0.38,1
6963,18,22,19,1126,-66.8,0.38,1
6968,17,22,21,1128,-66.4,0.37,1
6973,17,22,22,1123,-66,0.36,1
6978,16,22,16,1164,-65.6,0.35,1
6983,16,22,15,1241,-65.2,0.34,1
6989,16,22,19,1279,-64.8,0.33,1
6993,15,22,17,1277,-64.4,0.33,1
6998,15,22,18,1260,-64,0.32,1
7003,15,22,13,1304,-63.6,0.32,1
7008,15,22,16,1436,-63.2,0.31,1
7012,14,22,14,1573,-62.4,0.3,1
7017,14,22,4,1724,-62,0.3,1
7022,14,22,8,1870,-61.6,0.29,1
7028,13,22,0,2026,-60.8,0.29,1
7033,13,22,-2,2156,-60.4,0.28,1
7037,13,22,-10,2296,-59.6,0.28,1
7042,13,22,-3,2436,-58.8,0.27,1
7047,13,22,10,2537,-58,0.27,1
7052,12,22,2,2628,-57.2,0.27,1
7057,12,22,1,2708,-56.4,0.26,1
7061,12,22,7,2776,-55.2,0.26,1
7066,12,22,-7,2785,-54.4,0.25,1
7072,11,22,11,2842,-53.6,0.25,1
7077,11,22,10,2886,-52.8,0.24,1
7081,11,22,14,2853,-51.6,0.23,1
7086,11,22,13,2859,-50.8,0.23,1
7091,10,22,20,2859,-49.6,0.22,1
7096,10,22,17,2839,-48.8,0.21,1
7101,9,22,10,2776,-48,0.2,1
7105,9,22,12,2793,-47.2,0.19,1
7110,8,22,23,2735,-46,0.18,1
7116,8,22,15,2686,-45.2,0.17,1
7120,7,22,21,2672,-44.4,0.16,1
7125,7,22,15,2664,-43.6,0.15,1
7130,7,22,19,2609,-42.8,0.15,1
7135,6,22,8,2568,-42,0.14,1
7139,6,22,14,2576,-41.2,0.13,1
7144,5,22,16,2551,-40,0.12,1
7149,5,22,9,2507,-39.2,0.11,1
7154,4,22,16,2482,-38.4,0.1,1
7159,4,22,18,2480,-37.6,0.09,1
7164,4,22,8,2444,-36.8,0.09,1
7169,4,22,15,2400,-36,0.08,1
7173,3,22,14,2367,-35.2,0.08,1
7178,3,22,6,2351,-34.8,0.08,1
7183,3,22,10,2298,-34,0.08,1
7188,3,22,15,2257,-33.2,0.08,1
7193,3,22,15,2210,-32.4,0.08,1
7198,4,22,9,2186,-31.6,0.09,1
7203,4,22,8,2139,-30.8,0.09,1
7208,4,22,8,2084,-30.4,0.1,1
7212,5,22,6,2062,-29.6,0.11,1
7217,5,22,12,2051,-28.8,0.12,1
7222,5,22,10,2021,-28.4,0.12,1
7227,6,22,13,1963,-27.6,0.14,1
7231,7,22,0,1928,-26.8,0.16,1
7236,7,22,17,1903,-26.4,0.16,1
7242,9,22,11,1886,-25.6,0.19,1
7247,9,22,21,1851,-25.2,0.2,1
7251,10,22,22,1820,-24.4,0.22,1
7256,11,22,16,1790,-24,0.24,1
7261,12,22,16,1782,-23.2,0.27,1
7266,13,22,13,1757,-22.8,0.28,1
7271,15,22,4,1741,-22,0.32,1
7275,16,22,19,1738,-21.6,0.34,1
7280,17,22,23,1757,-21.2,0.36,1
7286,19,22,19,1793,-20.4,0.4,1
7291,20,22,5,1829,-20,0.42,1
7295,22,22,15,1895,-19.2,0.46,1
7300,23,22,15,2021,-18.8,0.49,1
7305,26,22,17,2109,-18,0.54,1
7310,28,22,16,2254,-17.2,0.59,1
7315,31,22,16,2367,-16.4,0.65,1
7320,34,22,19,2496,-15.6,0.71,1
7324,37,22,19,2595,-14.8,0.77,1
7330,40,22,26,2782,-14,0.83,1
7335,43,22,19,2905,-13.2,0.9,1
7340,48,22,35,3002,-12,1,1
7345,48,22,36,3133,-11.2,1,1
7349,48,22,46,3221,-10,1,1
7354,48,22,40,3279,-9.2,1,1
7359,48,22,52,3367,-8,1,1
7363,48,22,40,3424,-6.8,1,1
7369,48,22,36,3488,-6,1,1
7374,-95,22,29,3641,-4.8,-1.98,0
7380,-82,22,-33,3427,-3.2,-1.7,0
7386,-72,22,-35,2919,-1.6,-1.49,0
7392,-68,22,-9,2076,-0.4,-1.41,0
7398,-68,22,8,1376,0,-1.41,0
7402,-68,22,29,244,0.4,-1.42,0
7408,-68,22,12,-738,0.4,-1.42,0
7415,-68,22,5,-1153,0,-1.41,0
7419,-68,22,-2,-1496,0,-1.41,0
7422,-68,22,-23,-1799,-0.4,-1.41,0
7428,-69,22,-52,-1963,-0.8,-1.43,0
7434,-72,22,-54,-2114,-1.6,-1.49,0
7441,-79,22,-64,-2268,-2.8,-1.64,0
7447,-85,22,-66,-2477,-3.6,-1.77,0
7454,-95,22,-65,-2661,-4.8,-1.98,0
7460,-103,22,-75,-2859,-5.6,-2.13,0
7466,-114,22,-95,-3037,-6.8,-2.37,0
7473,-131,22,-106,-3048,-8.4,-2.71,0
7479,-144,22,-140,-3106,-9.6,-2.99,0
7485,-159,22,-156,-3043,-10.8,-3.29,0
7492,-181,22,-171,-3043,-12.4,-3.74,0
7499,-199,22,-178,-2969,-13.6,-4.11,0
7505,-218,22,-204,-2980,-14.8,-4.5,0
7512,-238,22,-215,-3018,-16,-4.92,0
7518,-266,22,-238,-3092,-17.6,-5.49,0
7524,-287,22,-259,-3339,-18.8,-5.93,0
7531,-315,22,-259,-3600,-20.4,-6.52,0
7537,-342,22,-275,-4103,-22,-7.07,0
7544,-367,22,-277,-4663,-23.6,-7.58,0
7551,-394,22,-307,-5188,-25.6,-8.13,0
7557,-417,22,-335,-5894,-28,-8.62,0
7563,-431,22,-373,-6605,-30.4,-8.89,0
7570,-433,22,-323,-7077,-33.2,-8.95,0
7576,-422,22,-330,-7204,-36.4,-8.71,0
7584,-400,22,-327,-7113,-39.6,-8.26,0
7590,-377,22,-343,-6929,-42.4,-7.78,0
7596,-351,22,-392,-6836,-45.6,-7.25,0
7603,-329,22,-435,-6770,-48.4,-6.8,0
7609,-307,22,-408,-6707,-51.6,-6.34,0
7615,-287,22,-367,-6306,-54.4,-5.93,0
7622,-266,22,-345,-5743,-57.2,-5.5,0
7629,-251,22,-336,-5064,-59.6,-5.18,0
7636,-232,22,-293,-4380,-62,-4.79,0
7642,-210,22,-277,-3982,-64,-4.35,0
7648,-206,22,-254,-3463,-65.6,-4.25,0
7655,-193,22,-226,-3205,-66.8,-3.99,0
7661,-184,22,-215,-2947,-68.4,-3.81,0
7668,-170,22,-208,-2785,-69.6,-3.52,0
7675,25,22,-182,-2675,-70.8,0.53,1
7680,28,22,-42,-2106,-71.6,0.58,1
7685,30,22,-37,-1614,-72.4,0.63,1
7689,33,22,-16,-1170,-73.2,0.7,1
7694,33,22,-24,-747,-73.2,0.7,1
7699,35,22,-20,-466,-73.6,0.73,1
7704,35,22,-12,-214,-73.6,0.73,1
7710,37,22,11,0,-74,0.76,1
7714,37,22,15,137,-74,0.76,1
7719,35,22,24,203,-73.6,0.73,1
7724,35,22,29,236,-73.6,0.73,1
7728,35,22,28,263,-73.6,0.73,1
7733,35,22,33,302,-73.6,0.73,1
7738,35,22,30,373,-73.6,0.73,1
7743,33,22,31,455,-73.2,0.7,1
7748,33,22,30,510,-73.2,0.7,1
7753,33,22,31,543,-73.2,0.7,1
7758,32,22,29,601,-72.8,0.66,1
7763,32,22,16,683,-72.8,0.66,1
7768,30,22,32,703,-72.4,0.63,1
7772,29,22,28,766,-72,0.61,1
7777,29,22,30,799,-72,0.61,1
7782,28,22,29,834,-71.6,0.58,1
7787,28,22,24,900,-71.6,0.58,1
7791,27,22,27,914,-71.2,0.56,1
7797,25,22,25,966,-70.8,0.53,1
7802,24,22,27,980,-70.4,0.51,1
7807,23,22,23,1016,-70,0.49,1
7811,23,22,25,1038,-70,0.49,1
7816,23,22,25,1040,-69.6,0.47,1
7821,22,22,25,1082,-69.2,0.46,1
7826,21,22,25,1082,-68.8,0.44,1
7831,20,22,14,1131,-68.4,0.43,1
7836,20,22,18,1137,-68,0.41,1
7841,19,22,24,1161,-67.6,0.4,1
7846,18,22,27,1181,-67.2,0.39,1
7851,18,22,20,1175,-66.8,0.38,1
7856,17,22,22,1183,-66.4,0.37,1
7861,17,22,24,1200,-66,0.36,1
7866,16,22,19,1194,-65.6,0.35,1
7870,16,22,18,1216,-65.2,0.34,1
7875,16,22,17,1257,-64.8,0.33,1
7881,15,22,21,1244,-64.4,0.33,1
7886,15,22,16,1288,-64,0.32,1
7891,15,22,15,1384,-63.6,0.32,1
7895,15,22,15,1348,-63.2,0.31,1
7900,14,22,18,1334,-62.8,0.31,1
7905,14,22,9,1354,-62.4,0.3,1
7910,14,22,11,1466,-62,0.3,1
7915,14,22,8,1595,-61.6,0.29,1
7919,13,22,6,1719,-60.8,0.29,1
7925,13,22,0,1826,-60.4,0.28,1
7930,13,22,6,1958,-59.6,0.28,1
7935,13,22,11,2125,-59.2,0.28,1
7940,13,22,-2,2263,-58.4,0.27,1
7944,13,22,-1,2359,-57.6,0.27,1
7949,12,22,5,2466,-56.8,0.26,1
7954,12,22,1,2584,-56,0.26,1
7959,12,22,6,2647,-55.2,0.26,1
7963,12,22,18,2672,-54.4,0.25,1
7969,11,22,6,2735,-53.6,0.25,1
7974,11,22,7,2785,-52.8,0.24,1
7979,11,22,8,2790,-51.6,0.23,1
7983,11,22,14,2768,-50.8,0.23,1
7988,10,22,10,2812,-50,0.22,1
7993,10,22,16,2782,-48.8,0.21,1
7998,9,22,15,2757,-48,0.2,1
8002,9,22,24,2754,-47.2,0.19,1
8007,9,22,13,2708,-46.4,0.19,1
8013,8,22,14,2653,-45.6,0.18,1
8018,7,22,17,2636,-44.4,0.16,1
8022,7,22,14,2647,-43.6,0.15,1
8027,7,22,-4,2592,-42.8,0.15,1
8032,6,22,17,2557,-42,0.14,1
8037,6,22,17,2537,-41.2,0.13,1
8041,5,22,16,2540,-40.4,0.12,1
8046,5,22,18,2469,-39.6,0.11,1
8052,5,22,13,2441,-38.8,0.1,1
8057,4,22,4,2458,-38,0.1,1
8061,4,22,21,2414,-37.2,0.09,1
8066,4,22,13,2364,-36.4,0.09,1
8071,4,22,6,2340,-35.6,0.08,1
8075,3,22,19,2334,-34.8,0.08,1
8080,3,22,14,2285,-34,0.08,1
8085,3,22,9,2230,-33.2,0.08,1
8090,3,22,13,2202,-32.8,0.08,1
8095,4,22,10,2194,-32,0.08,1
8100,4,22,11,2136,-31.2,0.09,1
8105,4,22,9,2090,-30.4,0.1,1
8109,4,22,18,2051,-30,0.1,1
8114,5,22,13,2032,-29.2,0.11,1
8119,5,22,6,2002,-28.4,0.12,1
8124,6,22,9,1961,-28,0.13,1
8128,7,22,12,1914,-27.2,0.15,1
8133,7,22,17,1878,-26.8,0.16,1
8139,8,22,16,1873,-26,0.18,1
8144,9,22,15,1848,-25.6,0.19,1
8148,10,22,11,1815,-24.8,0.21,1
8153,10,22,21,1774,-24.4,0.22,1
8158,12,22,6,1757,-23.6,0.25,1
8163,12,22,17,1744,-23.2,0.27,1
8167,14,22,12,1727,-22.4,0.3,1
8172,15,22,17,1708,-22,0.32,1
8177,16,22,21,1697,-21.6,0.34,1
8183,18,22,9,1708,-20.8,0.38,1
8188,19,22,5,1757,-20.4,0.4,1
8192,21,22,21,1807,-19.6,0.44,1
8197,22,22,21,1840,-19.2,0.46,1
8202,24,22,12,1972,-18.4,0.51,1
8207,26,22,17,2092,-18,0.54,1
8212,28,22,19,2219,-17.2,0.59,1
8216,31,22,11,2353,-16.4,0.65,1
8222,34,22,16,2477,-15.6,0.71,1
8227,37,22,23,2603,-14.8,0.77,1
8232,40,22,30,2793,-14,0.83,1
8237,43,22,18,2914,-13.2,0.9,1
8242,48,22,39,3013,-12,1,1
8246,48,22,23,3142,-11.2,1,1
8251,48,22,44,3229,-10,1,1
8256,48,22,45,3282,-9.2,1,1
8261,48,22,43,3375,-8,1,1
8266,48,22,45,3441,-6.8,1,1
8271,48,22,34,3499,-6,1,1
8276,-95,22,48,3655,-4.8,-1.98,0
8282,-82,22,-52,3444,-3.2,-1.7,0
8288,-72,22,-23,2903,-1.6,-1.49,0
8294,-68,22,1,2048,-0.4,-1.41,0
8300,-68,22,4,1348,0,-1.41,0
8304,-68,22,33,140,0.4,-1.42,0
8311,-68,22,13,-804,0.4,-1.42,0
8317,-68,22,3,-1205,0,-1.41,0
8320,-68,22,-5,-1546,0,-1.41,0
8324,-68,22,-10,-1834,-0.4,-1.41,0
8330,-70,22,-49,-1999,-1.2,-1.45,0
8336,-74,22,-54,-2147,-2,-1.54,0
8342,-79,22,-67,-2315,-2.8,-1.64,0
8348,-85,22,-65,-2521,-3.6,-1.77,0
8356,-95,22,-63,-2694,-4.8,-1.98,0
8362,-106,22,-71,-2944,-6,-2.21,0
8368,-118,22,-95,-3122,-7.2,-2.45,0
8374,-131,22,-115,-3164,-8.4,-2.71,0
8381,-149,22,-127,-3260,-10,-3.09,0
8387,-164,22,-150,-3238,-11.2,-3.4,0
8394,-187,22,-173,-3227,-12.8,-3.86,0
8401,-205,22,-191,-3172,-14,-4.24,0
8407,-231,22,-203,-3232,-15.6,-4.78,0
8414,-252,22,-231,-3331,-16.8,-5.2,0
8420,-280,22,-237,-3573,-18.4,-5.79,0
8426,-308,22,-256,-3842,-20,-6.37,0
8433,-336,22,-271,-4301,-21.6,-6.94,0
8440,-367,22,-280,-4806,-23.6,-7.58,0
8447,-394,22,-312,-5336,-25.6,-8.13,0
8453,-417,22,-343,-6034,-28,-8.62,0
8459,-431,22,-386,-6701,-30.4,-8.89,0
8466,-433,22,-322,-7080,-33.6,-8.94,0
8472,-422,22,-329,-7209,-36.4,-8.71,0
8480,-400,22,-315,-7080,-39.6,-8.26,0
8486,-374,22,-320,-6959,-42.8,-7.72,0
8492,-351,22,-355,-6893,-45.6,-7.25,0
8499,-324,22,-399,-6797,-48.8,-6.7,0
8505,-307,22,-393,-6792,-51.6,-6.34,0
8511,-284,22,-372,-6561,-54.8,-5.87,0
8518,-266,22,-347,-6069,-57.6,-5.5,0
8525,-246,22,-336,-5443,-60,-5.09,0
8531,-227,22,-308,-4746,-62.4,-4.68,0
8538,-210,22,-274,-4073,-64.8,-4.33,0
8544,-192,22,-254,-3669,-66.4,-3.98,0
8551,-187,22,-228,-3210,-68,-3.87,0
8557,-170,22,-220,-2971,-69.6,-3.52,0
8565,25,22,-193,-2763,-70.8,0.53,1
8570,28,22,-53,-2120,-71.6,0.58,1
8574,30,22,-43,-1535,-72.4,0.63,1
8579,32,22,-37,-977,-72.8,0.66,1
8584,33,22,-35,-477,-73.2,0.7,1
8589,33,22,-28,-82,-73.2,0.7,1
8594,33,22,-2,167,-73.2,0.7,1
8598,33,22,6,329,-73.2,0.7,1
8603,33,22,15,433,-73.2,0.7,1
8609,33,22,18,455,-73.2,0.7,1
8613,32,22,28,491,-72.8,0.66,1
8618,32,22,27,557,-72.8,0.66,1
8623,30,22,31,593,-72.4,0.63,1
8628,30,22,29,615,-72.4,0.63,1
8633,29,22,28,686,-72,0.61,1
8637,29,22,27,719,-72,0.61,1
8642,28,22,31,747,-71.6,0.58,1
8647,28,22,20,804,-71.6,0.58,1
8653,27,22,27,829,-71.2,0.56,1
8657,25,22,25,881,-70.8,0.53,1
8662,25,22,25,878,-70.8,0.53,1
8667,24,22,21,947,-70.4,0.51,1
8672,23,22,19,947,-70,0.49,1
8676,23,22,20,999,-69.6,0.47,1
8681,22,22,25,983,-69.2,0.46,1
8686,22,22,17,1035,-69.2,0.46,1
8692,21,22,24,1032,-68.8,0.44,1
8697,20,22,22,1073,-68.4,0.43,1
8701,20,22,24,1079,-68,0.41,1
8706,19,22,23,1104,-67.6,0.4,1
8711,18,22,22,1123,-67.2,0.39,1
8716,18,22,25,1117,-66.8,0.38,1
8721,17,22,25,1139,-66.4,0.37,1
8726,17,22,24,1142,-66,0.36,1
8730,17,22,10,1128,-66,0.36,1
8736,16,22,16,1156,-65.6,0.35,1
8741,16,22,21,1178,-65.2,0.34,1
8746,16,22,19,1164,-64.8,0.33,1
8751,15,22,17,1192,-64.4,0.33,1
8756,15,22,13,1178,-64,0.32,1
8760,15,22,18,1186,-63.6,0.32,1
8765,15,22,13,1203,-63.2,0.31,1
8770,14,22,18,1189,-62.8,0.31,1
8775,14,22,15,1241,-62.4,0.3,1
8781,14,22,7,1340,-62,0.3,1
8785,14,22,17,1321,-61.6,0.29,1
8790,14,22,17,1301,-61.2,0.29,1
8795,13,22,17,1318,-60.8,0.29,1
8800,13,22,16,1406,-60,0.28,1
8805,13,22,10,1518,-59.6,0.28,1
8809,13,22,7,1678,-59.2,0.28,1
8814,13,22,4,1804,-58.8,0.27,1
8820,13,22,4,1933,-58,0.27,1
8825,13,22,7,2057,-57.6,0.27,1
8830,12,22,-1,2208,-56.8,0.26,1
8834,12,22,-8,2373,-56,0.26,1
8839,12,22,5,2447,-55.2,0.26,1
8844,12,22,4,2507,-54.4,0.25,1
8849,11,22,6,2584,-53.6,0.25,1
8853,11,22,12,2655,-52.8,0.24,1
8858,11,22,8,2691,-52,0.24,1
8864,11,22,11,2686,-51.2,0.23,1
8869,10,22,7,2724,-50.4,0.22,1
8873,10,22,11,2727,-49.2,0.21,1
8878,10,22,15,2683,-48.4,0.21,1
8883,9,22,17,2672,-47.6,0.2,1
8888,9,22,12,2672,-46.8,0.19,1
8892,8,22,18,2636,-46,0.18,1
8897,8,22,14,2581,-44.8,0.17,1
8902,7,22,14,2568,-44,0.16,1
8908,7,22,15,2529,-43.2,0.15,1
8912,6,22,13,2474,-42.4,0.14,1
8917,6,22,15,2460,-41.6,0.13,1
8922,5,22,13,2460,-40.8,0.12,1
8927,5,22,13,2433,-40,0.12,1
8931,5,22,15,2395,-39.2,0.11,1
8936,4,22,5,2362,-38.4,0.1,1
8941,4,22,14,2367,-37.6,0.09,1
8945,4,22,9,2326,-36.8,0.09,1
8951,4,22,3,2285,-36.4,0.09,1
8956,4,22,12,2257,-35.6,0.08,1
8961,3,22,13,2241,-34.8,0.08,1
8965,3,22,13,2186,-34,0.08,1
8970,3,22,12,2147,-33.2,0.08,1
8975,3,22,10,2128,-32.8,0.08,1
8980,4,22,14,2109,-32,0.08,1
8984,4,22,11,2059,-31.2,0.09,1
8990,4,22,13,2005,-30.8,0.09,1
8995,4,22,10,1969,-30,0.1,1
9000,5,22,11,1936,-29.2,0.11,1
9004,5,22,12,1908,-28.8,0.12,1
9009,6,22,16,1878,-28,0.13,1
9014,6,22,15,1831,-27.6,0.14,1
9019,7,22,15,1779,-26.8,0.16,1
9023,7,22,15,1774,-26.4,0.16,1
9028,9,22,16,1757,-25.6,0.19,1
9034,9,22,16,1727,-25.2,0.2,1
9039,10,22,18,1702,-24.4,0.22,1
9043,11,22,20,1678,-24,0.24,1
9048,12,22,-1,1656,-23.6,0.25,1
9053,13,22,7,1658,-22.8,0.28,1
9058,14,22,16,1636,-22.4,0.3,1
9062,15,22,11,1617,-22,0.32,1
9067,17,22,13,1593,-21.2,0.36,1
9072,18,22,21,1601,-20.8,0.38,1
9078,19,22,25,1628,-20.4,0.4,1
9083,21,22,21,1686,-19.6,0.44,1
9087,22,22,17,1735,-19.2,0.46,1
9092,23,22,15,1886,-18.8,0.49,1
9097,26,22,6,1988,-18,0.54,1
9102,28,22,17,2128,-17.2,0.59,1
9107,29,22,13,2254,-16.8,0.62,1
9111,32,22,15,2411,-16,0.68,1
9116,35,22,20,2532,-15.2,0.74,1
9122,38,22,15,2686,-14.4,0.8,1
9127,43,22,22,2812,-13.2,0.9,1
9131,47,22,30,2925,-12.4,0.97,1
9136,48,22,38,3051,-11.6,1,1
9141,48,22,38,3199,-10.4,1,1
9146,48,22,44,3221,-9.6,1,1
9151,48,22,36,3306,-8.4,1,1
9155,48,22,50,3381,-7.2,1,1
9161,48,22,42,3444,-6.4,1,1
9166,48,22,42,3578,-5.2,1,1
9171,-89,22,46,3636,-4,-1.84,0
9176,-76,22,-24,3479,-2.4,-1.59,0
9183,-70,22,-7,2724,-1.2,-1.45,0
9189,-68,22,-1,2112,0,-1.41,0
9193,-68,22,29,862,0.4,-1.42,0
9198,-68,22,26,-340,0.4,-1.42,0
9205,-68,22,9,-1194,0.4,-1.42,0
9211,-68,22,3,-1546,0,-1.41,0
9215,-68,22,-11,-1804,0,-1.41,0
9219,-68,22,-30,-2021,-0.4,-1.41,0
9225,-70,22,-54,-2208,-1.2,-1.45,0
9231,-76,22,-67,-2312,-2.4,-1.59,0
9237,-82,22,-68,-2510,-3.2,-1.7,0
9243,-92,22,-73,-2680,-4.4,-1.91,0
9251,-103,22,-82,-2881,-5.6,-2.13,0
9257,-114,22,-90,-3186,-6.8,-2.37,0
9263,-127,22,-106,-3282,-8,-2.62,0
9269,-140,22,-129,-3394,-9.2,-2.89,0
9275,-159,22,-155,-3290,-10.8,-3.29,0
9282,-181,22,-178,-3243,-12.4,-3.74,0
9289,-199,22,-194,-3125,-13.6,-4.11,0
9295,-218,22,-211,-3076,-14.8,-4.5,0
9302,-245,22,-229,-3037,-16.4,-5.06,0
9308,-266,22,-231,-3100,-17.6,-5.49,0
9315,-294,22,-244,-3339,-19.2,-6.08,0
9321,-315,22,-265,-3661,-20.4,-6.52,0
9327,-342,22,-281,-4139,-22,-7.07,0
9335,-373,22,-310,-4680,-24,-7.7,0
9341,-398,22,-317,-5284,-26,-8.23,0
9347,-417,22,-344,-5916,-28,-8.62,0
9354,-432,22,-382,-6539,-30.8,-8.92,0
9360,-433,22,-349,-7020,-33.6,-8.94,0
9367,-420,22,-348,-7119,-36.8,-8.67,0
9374,-400,22,-357,-6921,-39.6,-8.26,0
9380,-374,22,-385,-6814,-42.8,-7.72,0
9387,-351,22,-416,-6770,-45.6,-7.25,0
9393,-324,22,-476,-6685,-48.8,-6.7,0
9399,-307,22,-359,-6413,-51.6,-6.34,0
9406,-287,22,-362,-5891,-54.4,-5.93,0
9412,-268,22,-344,-5270,-56.8,-5.53,0
9420,-254,22,-320,-4559,-59.2,-5.26,0
9426,-239,22,-302,-4012,-61.2,-4.93,0
9432,-225,22,-286,-3518,-63.2,-4.65,0
9439,-217,22,-258,-3136,-64.4,-4.48,0
9445,-202,22,-233,-2971,-66,-4.17,0
9452,-198,22,-216,-2826,-67.2,-4.09,0
9458,-184,22,-203,-2771,-68.4,-3.81,0
9466,-170,22,-189,-2798,-69.6,-3.52,0
9472,25,22,-169,-2790,-70.8,0.53,1
9477,29,22,-37,-2342,-72,0.61,1
9482,32,22,-32,-1933,-72.8,0.66,1
9487,33,22,-18,-1543,-73.2,0.7,1
9491,37,22,-16,-1200,-74,0.76,1
9496,37,22,-3,-936,-74,0.76,1
9502,38,22,-11,-678,-74.4,0.8,1
9507,40,22,5,-527,-74.8,0.84,1
9511,40,22,10,-373,-74.8,0.84,1
9516,42,22,12,-200,-75.2,0.88,1
9521,42,22,32,-49,-75.2,0.88,1
9526,42,22,33,71,-75.2,0.88,1
9530,42,22,27,175,-75.2,0.88,1
9535,40,22,32,263,-74.8,0.84,1
9540,40,22,39,324,-74.8,0.84,1
9546,40,22,38,395,-74.8,0.84,1
9550,40,22,34,469,-74.8,0.84,1
9555,38,22,35,560,-74.4,0.8,1
9560,38,22,34,617,-74.4,0.8,1
9565,37,22,36,675,-74,0.76,1
9569,37,22,31,769,-74,0.76,1
9574,35,22,27,812,-73.6,0.73,1
9579,33,22,27,895,-73.2,0.7,1
9584,33,22,35,936,-73.2,0.7,1
9589,32,22,29,986,-72.8,0.66,1
9594,30,22,38,1027,-72.4,0.63,1
9599,29,22,30,1073,-72,0.61,1
9604,28,22,32,1093,-71.6,0.58,1
9609,28,22,21,1164,-71.6,0.58,1
9613,27,22,26,1197,-71.2,0.56,1
9618,25,22,30,1200,-70.8,0.53,1
9623,24,22,24,1263,-70.4,0.51,1
9628,23,22,24,1290,-70,0.49,1
9634,23,22,33,1285,-69.6,0.47,1
9639,21,22,28,1318,-68.8,0.44,1
9643,20,22,23,1343,-68.4,0.43,1
9648,20,22,18,1351,-68,0.41,1
9653,19,22,26,1398,-67.6,0.4,1
9658,18,22,19,1406,-67.2,0.39,1
9663,18,22,14,1458,-66.8,0.38,1
9668,17,22,20,1502,-66.4,0.37,1
9673,16,22,11,1538,-65.6,0.35,1
9678,16,22,22,1532,-65.2,0.34,1
9683,16,22,19,1524,-64.8,0.33,1
9688,15,22,22,1562,-64.4,0.33,1
9693,15,22,16,1658,-63.6,0.32,1
9698,15,22,10,1782,-63.2,0.31,1
9702,14,22,10,1903,-62.4,0.3,1
9707,14,22,3,2024,-62,0.3,1
9712,14,22,9,2131,-61.2,0.29,1
9718,13,22,0,2241,-60.4,0.28,1
9723,13,22,3,2359,-60,0.28,1
9727,13,22,5,2510,-59.2,0.28,1
9732,13,22,5,2587,-58.4,0.27,1
9737,13,22,1,2633,-57.6,0.27,1
9742,12,22,8,2702,-56.4,0.26,1
9746,12,22,9,2760,-55.6,0.26,1
9751,12,22,5,2765,-54.8,0.25,1
9756,12,22,12,2763,-54,0.25,1
9762,11,22,10,2820,-52.8,0.24,1
9766,11,22,12,2812,-52,0.24,1
9771,11,22,12,2798,-51.2,0.23,1
9776,10,22,9,2831,-50.4,0.22,1
9781,10,22,16,2812,-49.2,0.21,1
9785,10,22,17,2757,-48.4,0.21,1
9790,9,22,16,2746,-47.6,0.2,1
9795,9,22,14,2735,-46.4,0.19,1
9801,8,22,20,2680,-45.6,0.18,1
9805,8,22,15,2647,-44.8,0.17,1
9810,7,22,19,2647,-44,0.16,1
9815,7,22,2,2603,-43.2,0.15,1
9820,6,22,15,2551,-42.4,0.14,1
9824,6,22,13,2535,-41.6,0.13,1
9829,5,22,11,2540,-40.8,0.12,1
9834,5,22,15,2493,-40,0.12,1
9839,5,22,12,2460,-39.2,0.11,1
9844,4,22,8,2447,-38.4,0.1,1
9849,4,22,13,2438,-37.6,0.09,1
9854,4,22,13,2384,-36.8,0.09,1
9859,4,22,11,2340,-36,0.08,1
9863,3,22,16,2329,-35.2,0.08,1
9868,3,22,14,2315,-34.4,0.08,1
9873,3,22,15,2238,-33.6,0.08,1
9878,3,22,12,2205,-32.8,0.08,1
9882,4,22,9,2172,-32,0.08,1
9888,4,22,12,2150,-31.6,0.09,1
9893,4,22,13,2109,-30.8,0.09,1
9897,4,22,10,2059,-30,0.1,1
9902,5,22,14,2026,-29.6,0.11,1
9907,5,22,13,1996,-28.8,0.12,1
9912,6,22,12,1961,-28,0.13,1
9916,6,22,13,1911,-27.6,0.14,1
9921,7,22,15,1873,-26.8,0.16,1
9926,7,22,11,1862,-26.4,0.16,1
9932,9,22,17,1845,-25.6,0.19,1
9936,9,22,19,1809,-25.2,0.2,1
9941,10,22,16,1771,-24.4,0.22,1
9946,11,22,17,1735,-24,0.24,1
9951,12,22,13,1735,-23.2,0.27,1
9956,13,22,21,1705,-22.8,0.28,1
9960,15,22,20,1680,-22,0.32,1
9965,16,22,21,1691,-21.6,0.34,1
9970,17,22,10,1700,-21.2,0.36,1
9976,19,22,17,1752,-20.4,0.4,1
9981,20,22,9,1818,-20,0.42,1
9985,22,22,12,1870,-19.2,0.46,1
9990,23,22,13,1996,-18.8,0.49,1
9995,26,22,12,2125,-18,0.54,1
10000,28,22,17,2249,-17.2,0.59,1
10005,29,22,12,2386,-16.8,0.62,1
10009,32,22,9,2535,-16,0.68,1
10015,35,22,20,2636,-15.2,0.74,1
10020,40,22,17,2809,-14,0.83,1
10025,43,22,19,2925,-13.2,0.9,1
10030,47,22,31,3056,-12.4,0.97,1
10035,48,22,36,3186,-11.2,1,1
10039,48,22,41,3254,-10,1,1
10044,48,22,48,3295,-9.2,1,1
10049,48,22,42,3397,-8,1,1
10054,48,22,48,3474,-6.8,1,1
10059,48,22,39,3537,-6,1,1
10064,-95,22,47,3674,-4.8,-1.98,0
10070,-82,22,-33,3455,-3.2,-1.7,0
10077,-72,22,-23,2889,-1.6,-1.49,0
10083,-68,22,-1,2002,-0.4,-1.41,0
10089,-68,22,0,1285,0,-1.41,0
10093,-68,22,37,30,0.4,-1.42,0
10100,-68,22,12,-889,0.4,-1.42,0
10105,-68,22,5,-1285,0,-1.41,0
10109,-68,22,-2,-1612,0,-1.41,0
10113,-68,22,-28,-1864,-0.4,-1.41,0
10119,-70,22,-57,-2043,-1.2,-1.45,0
10125,-74,22,-53,-2189,-2,-1.54,0
10131,-79,22,-63,-2351,-2.8,-1.64,0
10138,-89,22,-70,-2543,-4,-1.84,0
10144,-95,22,-73,-2724,-4.8,-1.98,0
10151,-106,22,-83,-2947,-6,-2.21,0
10157,-118,22,-111,-3095,-7.2,-2.45,0
10163,-135,22,-113,-3169,-8.8,-2.8,0
10170,-149,22,-133,-3323,-10,-3.09,0
10176,-170,22,-151,-3359,-11.6,-3.51,0
10183,-187,22,-160,-3468,-12.8,-3.86,0
10190,-211,22,-182,-3490,-14.4,-4.37,0
10197,-238,22,-201,-3639,-16,-4.92,0
10203,-266,22,-218,-3740,-17.6,-5.49,0
10209,-294,22,-261,-4010,-19.2,-6.08,0
10215,-322,22,-266,-4353,-20.8,-6.66,0
10222,-355,22,-285,-4691,-22.8,-7.34,0
10229,-384,22,-328,-5166,-24.8,-7.93,0
10236,-411,22,-343,-5701,-27.2,-8.48,0
10242,-427,22,-375,-6185,-29.6,-8.82,0
10249,-434,22,-394,-6764,-32.4,-8.96,0
10255,-428,22,-343,-7121,-35.2,-8.83,0
10262,-409,22,-332,-7058,-38.4,-8.45,0
10268,-384,22,-326,-6987,-41.6,-7.93,0
10275,-357,22,-379,-6855,-44.8,-7.37,0
10282,-335,22,-399,-6841,-47.6,-6.93,0
10288,-314,22,-388,-6871,-50.4,-6.49,0
10295,-291,22,-350,-6457,-53.6,-6.01,0
10301,-273,22,-339,-5866,-56.4,-5.64,0
10307,-257,22,-323,-5237,-58.8,-5.31,0
10315,-239,22,-309,-4548,-61.2,-4.93,0
10321,-225,22,-290,-3916,-63.2,-4.65,0
10328,-201,22,-256,-3424,-65.2,-4.16,0
10334,-192,22,-243,-3045,-66.4,-3.98,0
10341,-187,22,-223,-2724,-68,-3.87,0
10347,-173,22,-204,-2590,-69.2,-3.59,0
10354,24,22,-184,-2496,-70.4,0.51,1
10360,27,22,-44,-1966,-71.2,0.56,1
10365,28,22,-32,-1458,-71.6,0.58,1
10370,30,22,-28,-1054,-72.4,0.63,1
10374,30,22,-22,-681,-72.4,0.63,1
10379,32,22,-20,-368,-72.8,0.66,1
10384,32,22,-8,-170,-72.8,0.66,1
10389,32,22,9,-2,-72.8,0.66,1
10394,32,22,17,79,-72.8,0.66,1
10399,32,22,24,131,-72.8,0.66,1
10404,32,22,20,153,-72.8,0.66,1
10409,32,22,32,233,-72.8,0.66,1
10414,32,22,26,296,-72.8,0.66,1
10419,32,22,24,359,-72.8,0.66,1
10423,30,22,25,422,-72.4,0.63,1
10428,30,22,26,464,-72.4,0.63,1
10433,30,22,28,519,-72.4,0.63,1
10438,29,22,32,576,-72,0.61,1
10444,29,22,29,606,-72,0.61,1
10448,28,22,28,637,-71.6,0.58,1
10453,28,22,21,703,-71.6,0.58,1
10458,27,22,25,714,-71.2,0.56,1
10463,27,22,20,780,-71.2,0.56,1
10468,25,22,24,810,-70.8,0.53,1
10472,24,22,27,823,-70.4,0.51,1
10477,24,22,23,895,-70.4,0.51,1
10482,23,22,22,900,-70,0.49,1
10488,23,22,23,931,-69.6,0.47,1
10493,22,22,8,931,-69.2,0.46,1
10498,22,22,20,977,-69.2,0.46,1
10502,21,22,23,980,-68.8,0.44,1
10507,20,22,22,1016,-68.4,0.43,1
10512,20,22,19,1027,-68,0.41,1
10517,19,22,23,1054,-67.6,0.4,1
10522,18,22,24,1076,-67.2,0.39,1
10528,18,22,22,1062,-66.8,0.38,1
10533,18,22,19,1104,-66.8,0.38,1
10537,17,22,14,1101,-66.4,0.37,1
10542,17,22,14,1104,-66,0.36,1
10547,16,22,18,1142,-65.6,0.35,1
10552,16,22,15,1224,-65.2,0.34,1
10557,16,22,13,1293,-64.8,0.33,1
10562,15,22,11,1290,-64.4,0.33,1
10567,15,22,11,1274,-64,0.32,1
10573,15,22,16,1279,-63.6,0.32,1
10577,15,22,11,1414,-63.2,0.31,1
10582,14,22,11,1554,-62.4,0.3,1
10587,14,22,7,1716,-62,0.3,1
10592,14,22,9,1884,-61.6,0.29,1
10597,13,22,1,2037,-60.8,0.29,1
10602,13,22,2,2172,-60,0.28,1
10606,13,22,-2,2315,-59.6,0.28,1
10612,13,22,-3,2460,-58.8,0.27,1
10617,13,22,-4,2559,-58,0.27,1
10622,12,22,4,2650,-57.2,0.27,1
10627,12,22,5,2743,-56,0.26,1
10632,12,22,11,2801,-55.2,0.26,1
10636,12,22,10,2798,-54.4,0.25,1
10641,11,22,9,2856,-53.6,0.25,1
10646,11,22,9,2900,-52.4,0.24,1
10651,11,22,12,2848,-51.6,0.23,1
10657,10,22,15,2859,-50.4,0.22,1
10661,10,22,20,2859,-49.6,0.22,1
10666,10,22,19,2828,-48.8,0.21,1
10671,9,22,14,2774,-47.6,0.2,1
10676,9,22,21,2752,-46.8,0.19,1
10681,8,22,15,2721,-46,0.18,1
10686,8,22,19,2683,-45.2,0.17,1
10690,7,22,15,2666,-44,0.16,1
10695,7,22,17,2636,-43.2,0.15,1
10701,6,22,13,2587,-42.4,0.14,1
10706,6,22,15,2579,-41.6,0.13,1
10710,5,22,13,2573,-40.8,0.12,1
10715,5,22,16,2557,-40,0.12,1
10720,5,22,10,2504,-39.2,0.11,1
10725,4,22,9,2480,-38.4,0.1,1
10730,4,22,8,2460,-37.6,0.09,1
10734,4,22,10,2422,-36.8,0.09,1
10740,4,22,8,2373,-36,0.08,1
10745,3,22,6,2370,-35.2,0.08,1
10750,3,22,18,2340,-34.4,0.08,1
10754,3,22,15,2271,-33.6,0.08,1
10759,3,22,12,2238,-32.8,0.08,1
10764,4,22,10,2227,-32,0.08,1
10769,4,22,11,2186,-31.2,0.09,1
10774,4,22,13,2131,-30.8,0.09,1
10778,4,22,14,2090,-30,0.1,1
10784,5,22,10,2079,-29.2,0.11,1
10789,5,22,7,2051,-28.4,0.12,1
10794,6,22,15,2007,-28,0.13,1
10799,7,22,13,1969,-27.2,0.15,1
10803,7,22,11,1939,-26.4,0.16,1
10808,8,22,-5,1930,-26,0.18,1
10813,9,22,20,1897,-25.2,0.2,1
10818,10,22,18,1864,-24.8,0.21,1
10823,11,22,20,1829,-24,0.24,1
10828,12,22,16,1807,-23.6,0.25,1
10833,13,22,15,1807,-22.8,0.28,1
10838,14,22,12,1785,-22.4,0.3,1
10843,16,22,16,1749,-21.6,0.34,1
10848,17,22,18,1730,-21.2,0.36,1
10853,19,22,15,1738,-20.4,0.4,1
10857,20,22,18,1766,-20,0.42,1
10862,21,22,26,1785,-19.6,0.44,1
10868,23,22,16,1804,-18.8,0.49,1
10873,24,22,26,1818,-18.4,0.51,1
10878,27,22,14,1908,-17.6,0.56,1
10883,29,22,11,2043,-16.8,0.62,1
10888,31,22,21,2156,-16.4,0.65,1
10893,34,22,23,2224,-15.6,0.71,1
10897,37,22,23,2340,-14.8,0.77,1
10902,40,22,23,2507,-14,0.83,1
10907,43,22,33,2614,-13.2,0.9,1
10913,47,22,36,2721,-12.4,0.97,1
10918,48,22,40,2831,-11.6,1,1
10923,48,22,34,2938,-10.4,1,1
10928,48,22,46,2955,-9.6,1,1
10932,48,22,45,3048,-8.4,1,1
10937,48,22,32,3144,-7.6,1,1
10942,48,22,38,3202,-6.4,1,1
10947,48,22,48,3309,-5.6,1,1
10953,-92,22,41,3444,-4.4,-1.91,0
10959,-79,22,-37,3232,-2.8,-1.64,0
10965,-72,22,-18,2647,-1.6,-1.49,0
10971,-68,22,0,1820,-0.4,-1.41,0
10977,-68,22,12,1123,0,-1.41,0
10981,-68,22,18,398,0,-1.41,0
10985,-68,22,11,-576,0.4,-1.42,0
10991,-68,22,4,-1013,0,-1.41,0
10996,-68,22,1,-1376,0,-1.41,0
10999,-68,22,-21,-1694,-0.4,-1.41,0
11005,-69,22,-48,-1897,-0.8,-1.43,0
11011,-72,22,-61,-2035,-1.6,-1.49,0
11018,-76,22,-58,-2221,-2.4,-1.59,0
11024,-85,22,-61,-2427,-3.6,-1.77,0
11030,-92,22,-65,-2565,-4.4,-1.91,0
11038,-103,22,-81,-2702,-5.6,-2.13,0
11044,-114,22,-100,-2897,-6.8,-2.37,0
11050,-127,22,-114,-2933,-8,-2.62,0
11056,-140,22,-126,-3032,-9.2,-2.89,0
11063,-154,22,-142,-3051,-10.4,-3.19,0
11069,-175,22,-151,-3117,-12,-3.63,0
11075,-193,22,-185,-3164,-13.2,-3.98,0
11083,-218,22,-180,-3276,-14.8,-4.5,0
11089,-238,22,-201,-3463,-16,-4.92,0
11095,-266,22,-219,-3644,-17.6,-5.49,0
11102,-294,22,-256,-3999,-19.2,-6.08,0
11108,-322,22,-272,-4411,-20.8,-6.66,0
11115,-355,22,-277,-4814,-22.8,-7.34,0
11121,-384,22,-323,-5353,-24.8,-7.93,0
11128,-411,22,-344,-5910,-27.2,-8.48,0
11135,-429,22,-372,-6479,-30,-8.86,0
11141,-434,22,-336,-6970,-32.8,-8.95,0
11148,-426,22,-361,-7110,-35.6,-8.8,0
11154,-406,22,-351,-7075,-38.8,-8.39,0
11161,-380,22,-368,-6882,-42,-7.86,0
11168,-357,22,-395,-6781,-44.8,-7.37,0
11174,-333,22,-442,-6797,-48,-6.87,0
11181,-311,22,-385,-6660,-50.8,-6.42,0
11187,-291,22,-371,-6108,-53.6,-6.01,0
11194,-273,22,-351,-5509,-56.4,-5.64,0
11200,-257,22,-332,-4891,-58.8,-5.31,0
11207,-239,22,-315,-4309,-61.2,-4.93,0
11214,-224,22,-281,-3760,-62.8,-4.63,0
11221,-210,22,-260,-3315,-64.8,-4.33,0
11227,-202,22,-246,-3081,-66,-4.17,0
11234,-197,22,-218,-2878,-67.6,-4.07,0
11240,-182,22,-207,-2760,-68.8,-3.77,0
11247,23,22,-199,-2694,-70,0.49,1
11253,25,22,-43,-2167,-70.8,0.53,1
11257,28,22,-30,-1647,-71.6,0.58,1
11262,29,22,-33,-1200,-72,0.61,1
11267,30,22,-21,-840,-72.4,0.63,1
11272,32,22,-20,-543,-72.8,0.66,1
11277,33,22,-9,-335,-73.2,0.7,1
11282,33,22,1,-170,-73.2,0.7,1
11286,33,22,19,-21,-73.2,0.7,1
11291,33,22,31,63,-73.2,0.7,1
11297,33,22,24,101,-73.2,0.7,1
11302,33,22,33,129,-73.2,0.7,1
11307,33,22,32,167,-73.2,0.7,1
11311,33,22,29,214,-73.2,0.7,1
11316,32,22,31,249,-72.8,0.66,1
11321,32,22,32,310,-72.8,0.66,1
11326,32,22,36,384,-72.8,0.66,1
11331,32,22,24,469,-72.8,0.66,1
11335,30,22,26,505,-72.4,0.63,1
11341,30,22,29,546,-72.4,0.63,1
11346,29,22,27,609,-72,0.61,1
11351,29,22,26,645,-72,0.61,1
11356,28,22,30,670,-71.6,0.58,1
11360,28,22,23,730,-71.6,0.58,1
11365,27,22,30,749,-71.2,0.56,1
11370,27,22,22,812,-71.2,0.56,1
11375,25,22,27,843,-70.8,0.53,1
11381,24,22,21,862,-70.4,0.51,1
11385,23,22,24,914,-70,0.49,1
11390,23,22,24,925,-70,0.49,1
11395,23,22,24,953,-69.6,0.47,1
11400,22,22,22,964,-69.2,0.46,1
11405,21,22,28,991,-68.8,0.44,1
11410,21,22,24,1013,-68.8,0.44,1
11414,20,22,21,1035,-68.4,0.43,1
11419,20,22,12,1082,-68,0.41,1
11425,19,22,18,1076,-67.6,0.4,1
11430,18,22,26,1104,-67.2,0.39,1
11435,18,22,3,1123,-66.8,0.38,1
11440,17,22,16,1123,-66.4,0.37,1
11445,17,22,10,1164,-66,0.36,1
11450,16,22,6,1252,-65.6,0.35,1
11454,16,22,4,1255,-65.2,0.34,1
11459,16,22,20,1252,-64.8,0.33,1
11465,15,22,10,1271,-64.4,0.33,1
11470,15,22,16,1318,-64,0.32,1
11475,15,22,14,1441,-63.6,0.32,1
11480,15,22,13,1582,-63.2,0.31,1
11485,14,22,15,1727,-62.8,0.31,1
11489,14,22,2,1867,-62,0.3,1
11494,14,22,7,2021,-61.6,0.29,1
11499,13,22,-1,2153,-60.8,0.29,1
11504,13,22,0,2290,-60,0.28,1
11510,13,22,3,2411,-59.2,0.28,1
11515,13,22,-5,2518,-58.4,0.27,1
11519,13,22,3,2559,-57.6,0.27,1
11524,12,22,8,2622,-56.8,0.26,1
11529,12,22,6,2708,-56,0.26,1
11534,12,22,8,2713,-55.2,0.26,1
11539,12,22,14,2719,-54,0.25,1
11543,11,22,13,2752,-53.2,0.24,1
11548,11,22,12,2757,-52.4,0.24,1
11554,11,22,8,2697,-51.6,0.23,1
11559,10,22,19,2708,-50.4,0.22,1
11564,10,22,17,2713,-49.6,0.22,1
11569,10,22,18,2683,-48.8,0.21,1
11573,9,22,19,2620,-48,0.2,1
11578,9,22,11,2636,-47.2,0.19,1
11583,8,22,20,2592,-46,0.18,1
11588,8,22,9,2546,-45.2,0.17,1
11593,7,22,16,2543,-44.4,0.16,1
11598,7,22,14,2526,-43.6,0.15,1
11603,7,22,11,2485,-42.8,0.15,1
11608,6,22,-2,2449,-42,0.14,1
11613,6,22,15,2438,-41.2,0.13,1
11617,5,22,11,2427,-40.4,0.12,1
11622,5,22,12,2370,-39.6,0.11,1
11627,5,22,6,2329,-38.8,0.1,1
11632,4,22,5,2331,-38,0.1,1
11637,4,22,12,2307,-37.2,0.09,1
11642,4,22,13,2263,-36.8,0.09,1
11647,4,22,11,2219,-36,0.08,1
11652,3,22,18,2216,-35.2,0.08,1
11657,3,22,9,2205,-34.4,0.08,1
11661,3,22,11,2142,-33.6,0.08,1
11666,3,22,10,2106,-32.8,0.08,1
11671,3,22,-6,2068,-32.4,0.08,1
11676,4,22,11,2037,-31.6,0.09,1
11682,4,22,3,2005,-30.8,0.09,1
11687,4,22,11,1944,-30.4,0.1,1
11691,5,22,10,1922,-29.6,0.11,1
11696,5,22,13,1917,-29.2,0.11,1
11701,5,22,10,1875,-28.4,0.12,1
11706,6,22,13,1840,-27.6,0.14,1
11711,7,22,10,1785,-27.2,0.15,1
11715,7,22,23,1757,-26.8,0.16,1
11721,8,22,10,1741,-26,0.18,1
11726,9,22,18,1722,-25.6,0.19,1
11731,10,22,12,1686,-24.8,0.21,1
11736,10,22,14,1675,-24.4,0.22,1
11740,12,22,12,1669,-23.6,0.25,1
11745,12,22,14,1724,-23.2,0.27,1
11750,13,22,19,1738,-22.8,0.28,1
11755,15,22,11,1815,-22,0.32,1
11760,16,22,14,1952,-21.6,0.34,1
11766,18,22,10,2059,-20.8,0.38,1
11770,20,22,5,2202,-20,0.42,1
11775,21,22,6,2318,-19.6,0.44,1
11780,23,22,10,2441,-18.8,0.49,1
11785,26,22,4,2554,-18,0.54,1
11790,29,22,11,2724,-16.8,0.62,1
11795,32,22,14,2826,-16,0.68,1
11799,35,22,19,2927,-15.2,0.74,1
11804,40,22,23,3043,-14,0.83,1
11810,43,22,30,3136,-13.2,0.9,1
11815,48,22,42,3191,-12,1,1
11820,48,22,31,3279,-11.2,1,1
11825,48,22,43,3339,-10,1,1
11829,48,22,43,3394,-8.8,1,1
11834,48,22,38,3537,-7.6,1,1
11839,48,22,38,3556,-6.8,1,1
11844,48,22,41,3663,-5.6,1,1
11850,-92,22,39,3784,-4.4,-1.91,0
11856,-79,22,-39,3598,-2.8,-1.64,0
11862,-70,22,2,2881,-1.2,-1.45,0
11868,-68,22,3,2243,0,-1.41,0
11872,-68,22,24,997,0.4,-1.42,0
11878,-70,22,40,-247,0.8,-1.45,0
11884,-68,22,12,-1145,0.4,-1.42,0
11890,-68,22,-1,-1560,0,-1.41,0
11895,-68,22,0,-1853,0,-1.41,0
11899,-68,22,-31,-2070,-0.4,-1.41,0
11905,-70,22,-47,-2257,-1.2,-1.45,0
11911,-74,22,-59,-2345,-2,-1.54,0
11917,-82,22,-78,-2546,-3.2,-1.7,0
11923,-92,22,-74,-2741,-4.4,-1.91,0
11929,-99,22,-71,-2958,-5.2,-2.05,0
11936,-114,22,-67,-3265,-6.8,-2.37,0
11943,-127,22,-97,-3463,-8,-2.62,0
11949,-144,22,-125,-3683,-9.6,-2.99,0
11955,-164,22,-127,-3809,-11.2,-3.4,0
11961,-187,22,-163,-3913,-12.8,-3.86,0
11968,-211,22,-191,-3930,-14.4,-4.37,0
11974,-238,22,-215,-4029,-16,-4.92,0
11981,-273,22,-238,-4100,-18,-5.64,0
11988,-301,22,-264,-4199,-19.6,-6.23,0
11994,-336,22,-299,-4441,-21.6,-6.94,0
12001,-367,22,-317,-4677,-23.6,-7.58,0
12007,-394,22,-338,-4957,-25.6,-8.13,0
12013,-414,22,-379,-5344,-27.6,-8.55,0
12021,-429,22,-380,-5820,-30,-8.86,0
12027,-434,22,-406,-6339,-32.4,-8.96,0
12034,-428,22,-398,-6786,-35.2,-8.83,0
12040,-409,22,-356,-7050,-38.4,-8.45,0
12047,-384,22,-321,-6973,-41.6,-7.93,0
12053,-360,22,-368,-6860,-44.4,-7.44,0
12060,-335,22,-398,-6841,-47.6,-6.93,0
12067,-314,22,-374,-6855,-50.4,-6.49,0
12073,-294,22,-348,-6679,-53.2,-6.08,0
12080,-273,22,-337,-6196,-56.4,-5.64,0
12086,-257,22,-322,-5592,-58.8,-5.31,0
12093,-238,22,-315,-4836,-61.6,-4.93,0
12099,-219,22,-296,-4273,-63.6,-4.53,0
12106,-206,22,-262,-3606,-65.6,-4.25,0
12113,-198,22,-248,-3202,-67.2,-4.09,0
12119,-182,22,-229,-2864,-68.8,-3.77,0
12126,23,22,-207,-2699,-70,0.49,1
12131,25,22,-59,-2095,-70.8,0.53,1
12136,28,22,-45,-1458,-71.6,0.58,1
12141,29,22,-37,-969,-72,0.61,1
12146,30,22,-30,-557,-72.4,0.63,1
12151,30,22,-24,-263,-72.4,0.63,1
12156,30,22,-14,-13,-72.4,0.63,1
12161,30,22,13,123,-72.4,0.63,1
12166,30,22,9,178,-72.4,0.63,1
12171,30,22,29,216,-72.4,0.63,1
12175,30,22,28,260,-72.4,0.63,1
12180,30,22,17,307,-72.4,0.63,1
12185,29,22,26,368,-72,0.61,1
12191,29,22,16,411,-72,0.61,1
12196,29,22,27,436,-72,0.61,1
12201,28,22,31,466,-71.6,0.58,1
12205,28,22,23,538,-71.6,0.58,1
12210,28,22,20,579,-71.6,0.58,1
12215,27,22,13,593,-71.2,0.56,1
12220,27,22,24,650,-71.2,0.56,1
12225,25,22,28,703,-70.8,0.53,1
12229,24,22,27,683,-70.4,0.51,1
12235,24,22,7,747,-70.4,0.51,1
12240,23,22,29,758,-70,0.49,1
12245,23,22,25,791,-70,0.49,1
12250,23,22,20,826,-69.6,0.47,1
12254,22,22,29,829,-69.2,0.46,1
12259,22,22,26,870,-69.2,0.46,1
12264,21,22,21,878,-68.8,0.44,1
12269,20,22,23,931,-68.4,0.43,1
12274,20,22,18,911,-68,0.41,1
12280,20,22,17,966,-68,0.41,1
12284,19,22,24,955,-67.6,0.4,1
12289,18,22,19,986,-67.2,0.39,1
12294,18,22,22,980,-66.8,0.38,1
12299,17,22,24,1005,-66.4,0.37,1
12304,17,22,19,1010,-66.4,0.37,1
12309,17,22,20,1007,-66,0.36,1
12314,16,22,16,1038,-65.6,0.35,1
12319,16,22,16,1024,-65.2,0.34,1
12324,16,22,19,1054,-64.8,0.33,1
12329,15,22,22,1065,-64.4,0.33,1
12334,15,22,23,1126,-64,0.32,1
12339,15,22,13,1203,-64,0.32,1
12344,15,22,12,1186,-63.6,0.32,1
12348,15,22,10,1197,-63.2,0.31,1
12353,14,22,15,1205,-62.8,0.31,1
12358,14,22,11,1282,-62.4,0.3,1
12364,14,22,5,1441,-61.6,0.29,1
12369,14,22,6,1601,-61.2,0.29,1
12374,13,22,5,1768,-60.8,0.29,1
12378,13,22,3,1897,-60,0.28,1
12383,13,22,2,2040,-59.6,0.28,1
12388,13,22,2,2205,-58.8,0.27,1
12393,13,22,2,2329,-58,0.27,1
12398,12,22,-3,2436,-57.2,0.27,1
12404,12,22,-4,2568,-56.4,0.26,1
12408,12,22,4,2686,-55.6,0.26,1
12413,12,22,3,2749,-54.8,0.25,1
12418,12,22,12,2774,-54,0.25,1
12423,11,22,7,2837,-53.2,0.24,1
12428,11,22,8,2845,-52,0.24,1
12432,11,22,16,2834,-51.2,0.23,1
12437,10,22,8,2845,-50.4,0.22,1
12442,10,22,12,2831,-49.2,0.21,1
12448,10,22,16,2776,-48.4,0.21,1
12453,9,22,20,2768,-47.6,0.2,1
12457,9,22,15,2741,-46.4,0.19,1
12462,8,22,14,2675,-45.6,0.18,1
12467,8,22,21,2647,-44.8,0.17,1
12472,7,22,18,2658,-44,0.16,1
12477,7,22,13,2611,-43.2,0.15,1
12481,6,22,16,2570,-42,0.14,1
12486,6,22,17,2559,-41.2,0.13,1
12492,5,22,8,2557,-40.4,0.12,1
12497,5,22,5,2504,-39.6,0.11,1
12501,5,22,10,2447,-38.8,0.1,1
12506,4,22,10,2463,-38,0.1,1
12511,4,22,13,2447,-37.2,0.09,1
12516,4,22,10,2386,-36.4,0.09,1
12521,4,22,11,2362,-35.6,0.08,1
12525,3,22,12,2351,-34.8,0.08,1
12530,3,22,15,2318,-34,0.08,1
12536,3,22,10,2246,-33.2,0.08,1
12541,3,22,11,2230,-32.8,0.08,1
12546,4,22,15,2210,-32,0.08,1
12550,4,22,13,2156,-31.2,0.09,1
12555,4,22,13,2095,-30.4,0.1,1
12560,5,22,10,2065,-29.6,0.11,1
12565,5,22,16,2057,-29.2,0.11,1
12570,5,22,9,2037,-28.4,0.12,1
12575,6,22,13,1988,-27.6,0.14,1
12580,7,22,8,1941,-27.2,0.15,1
12585,7,22,16,1911,-26.4,0.16,1
12590,8,22,20,1908,-26,0.18,1
12595,9,22,5,1870,-25.2,0.2,1
12599,10,22,23,1837,-24.8,0.21,1
12604,11,22,15,1815,-24,0.24,1
12609,12,22,21,1785,-23.6,0.25,1
12614,13,22,19,1796,-22.8,0.28,1
12620,14,22,22,1779,-22.4,0.3,1
12624,16,22,17,1774,-21.6,0.34,1
12629,17,22,12,1766,-21.2,0.36,1
12634,19,22,19,1785,-20.4,0.4,1
12639,20,22,23,1829,-20,0.42,1
12644,22,22,19,1889,-19.2,0.46,1
12649,23,22,19,2010,-18.8,0.49,1
12654,26,22,16,2109,-18,0.54,1
12658,28,22,19,2238,-17.2,0.59,1
12664,31,22,16,2373,-16.4,0.65,1
12669,34,22,20,2496,-15.6,0.71,1
12674,37,22,22,2581,-14.8,0.77,1
12679,40,22,28,2774,-14,0.83,1
12684,43,22,26,2894,-13.2,0.9,1
12689,48,22,28,3010,-12,1,1
12694,48,22,35,3147,-11.2,1,1
12698,48,22,45,3229,-10,1,1
12704,48,22,48,3295,-9.2,1,1
12709,48,22,46,3389,-8,1,1
12714,48,22,46,3452,-6.8,1,1
12718,48,22,38,3507,-5.6,1,1
12723,-95,22,47,3669,-4.8,-1.98,0
12729,-82,22,-35,3452,-3.2,-1.7,0
12736,-72,22,-14,2883,-1.6,-1.49,0
12742,-68,22,-1,2013,-0.4,-1.41,0
12749,-68,22,6,1293,0,-1.41,0
12753,-68,22,39,38,0.4,-1.42,0
12759,-68,22,8,-889,0.4,-1.42,0
12764,-68,22,4,-1277,0,-1.41,0
12768,-68,22,6,-1606,0,-1.41,0
12772,-68,22,-24,-1859,-0.4,-1.41,0
12778,-70,22,-53,-2043,-1.2,-1.45,0
12784,-74,22,-54,-2183,-2,-1.54,0
12791,-79,22,-62,-2342,-2.8,-1.64,0
12797,-89,22,-69,-2554,-4,-1.84,0
12803,-95,22,-72,-2724,-4.8,-1.98,0
12810,-106,22,-86,-2947,-6,-2.21,0
12816,-118,22,-105,-3062,-7.2,-2.45,0
12822,-135,22,-115,-3131,-8.8,-2.8,0
12830,-149,22,-130,-3224,-10,-3.09,0
12836,-170,22,-153,-3205,-11.6,-3.51,0
12843,-187,22,-185,-3254,-12.8,-3.86,0
12849,-211,22,-179,-3251,-14.4,-4.37,0
12855,-231,22,-211,-3389,-15.6,-4.78,0
12862,-259,22,-211,-3504,-17.2,-5.35,0
12868,-287,22,-248,-3776,-18.8,-5.93,0
12876,-315,22,-268,-4095,-20.4,-6.52,0
12882,-342,22,-276,-4559,-22,-7.07,0
12889,-373,22,-314,-5050,-24,-7.7,0
12895,-403,22,-330,-5559,-26.4,-8.32,0
12901,-423,22,-359,-6124,-28.8,-8.73,0
12908,-433,22,-334,-6819,-31.6,-8.95,0
12914,-431,22,-308,-7099,-34.4,-8.89,0
12922,-415,22,-286,-7154,-37.6,-8.56,0
12928,-391,22,-281,-7014,-40.8,-8.07,0
12935,-364,22,-305,-6904,-44,-7.51,0
12941,-340,22,-333,-6924,-46.8,-7.03,0
12948,-316,22,-354,-6797,-50,-6.53,0
12954,-299,22,-367,-6745,-52.8,-6.19,0
12961,-275,22,-355,-6383,-56,-5.69,0
12968,-257,22,-330,-5795,-58.8,-5.31,0
12974,-239,22,-312,-5037,-61.2,-4.93,0
12981,-219,22,-294,-4452,-63.6,-4.53,0
12987,-206,22,-259,-3779,-65.6,-4.25,0
12994,-198,22,-250,-3408,-67.2,-4.09,0
13001,-182,22,-219,-3100,-68.8,-3.77,0
13008,23,22,-222,-2930,-70,0.49,1
13013,27,22,-61,-2254,-71.2,0.56,1
13017,28,22,-47,-1625,-71.6,0.58,1
13022,30,22,-36,-1115,-72.4,0.63,1
13027,32,22,-29,-639,-72.8,0.66,1
13032,32,22,-26,-255,-72.8,0.66,1
13037,32,22,-16,0,-72.8,0.66,1
13042,32,22,4,175,-72.8,0.66,1
13047,32,22,12,291,-72.8,0.66,1
13052,32,22,18,381,-72.8,0.66,1
13057,32,22,24,469,-72.8,0.66,1
13062,30,22,30,499,-72.4,0.63,1
13067,30,22,20,524,-72.4,0.63,1
13071,29,22,29,571,-72,0.61,1
13076,29,22,33,615,-72,0.61,1
13081,28,22,23,634,-71.6,0.58,1
13087,28,22,29,708,-71.6,0.58,1
13092,27,22,30,730,-71.2,0.56,1
13096,27,22,27,758,-71.2,0.56,1
13101,25,22,27,815,-70.8,0.53,1
13106,24,22,26,821,-70.4,0.51,1
13111,24,22,20,878,-70.4,0.51,1
13116,23,22,24,887,-70,0.49,1
13121,23,22,25,942,-69.6,0.47,1
13125,23,22,27,917,-69.6,0.47,1
13131,22,22,23,966,-69.2,0.46,1
13136,21,22,20,969,-68.8,0.44,1
13141,20,22,22,1027,-68.4,0.43,1
13146,20,22,26,1018,-68,0.41,1
13151,19,22,22,1054,-67.6,0.4,1
13155,19,22,19,1071,-67.6,0.4,1
13160,18,22,22,1068,-67.2,0.39,1
13165,18,22,18,1098,-66.8,0.38,1
13170,17,22,23,1084,-66.4,0.37,1
13176,17,22,18,1106,-66,0.36,1
13181,16,22,22,1104,-65.6,0.35,1
13186,16,22,20,1115,-65.2,0.34,1
13191,16,22,19,1142,-64.8,0.33,1
13196,15,22,21,1142,-64.4,0.33,1
13200,15,22,23,1142,-64,0.32,1
13205,15,22,20,1167,-63.6,0.32,1
13210,15,22,17,1139,-63.2,0.31,1
13216,14,22,19,1161,-62.8,0.31,1
13221,14,22,20,1172,-62.4,0.3,1
13226,14,22,15,1197,-62.4,0.3,1
13231,14,22,13,1326,-61.6,0.29,1
13235,14,22,17,1321,-61.2,0.29,1
13240,13,22,14,1288,-60.8,0.29,1
13245,13,22,16,1277,-60.4,0.28,1
13250,13,22,13,1389,-60,0.28,1
13255,13,22,7,1510,-59.6,0.28,1
13261,13,22,6,1675,-59.2,0.28,1
13266,13,22,4,1812,-58.4,0.27,1
13270,13,22,3,1939,-58,0.27,1
13275,12,22,0,2065,-57.2,0.27,1
13280,12,22,2,2208,-56.8,0.26,1
13285,12,22,0,2353,-56,0.26,1
13290,12,22,-1,2460,-55.2,0.26,1
13294,12,22,-2,2543,-54.4,0.25,1
13300,11,22,0,2653,-53.6,0.25,1
13305,11,22,2,2735,-52.4,0.24,1
13310,11,22,5,2752,-51.6,0.23,1
13315,11,22,6,2763,-50.8,0.23,1
13319,10,22,3,2812,-50,0.22,1
13324,10,22,10,2796,-48.8,0.21,1
13329,9,22,16,2763,-48,0.2,1
13334,9,22,19,2771,-47.2,0.19,1
13339,9,22,14,2719,-46.4,0.19,1
13344,8,22,9,2666,-45.2,0.17,1
13349,7,22,17,2655,-44.4,0.16,1
13354,7,22,16,2636,-43.6,0.15,1
13359,7,22,15,2590,-42.8,0.15,1
13363,6,22,-2,2548,-42,0.14,1
13368,6,22,13,2557,-41.2,0.13,1
13373,5,22,13,2524,-40.4,0.12,1
13378,5,22,13,2469,-39.6,0.11,1
13383,5,22,7,2460,-38.8,0.1,1
13388,4,22,12,2460,-38,0.1,1
13393,4,22,12,2414,-37.2,0.09,1
13398,4,22,12,2381,-36.4,0.09,1
13403,4,22,9,2342,-35.6,0.08,1
13407,3,22,12,2326,-34.8,0.08,1
13412,3,22,15,2285,-34,0.08,1
13417,3,22,0,2241,-33.2,0.08,1
13422,3,22,8,2219,-32.4,0.08,1
13428,4,22,15,2189,-31.6,0.09,1
13432,4,22,11,2139,-30.8,0.09,1
13437,4,22,14,2081,-30.4,0.1,1
13442,5,22,13,2051,-29.6,0.11,1
13447,5,22,10,2037,-28.8,0.12,1
13452,5,22,14,2021,-28.4,0.12,1
13457,6,22,11,1966,-27.6,0.14,1
13461,7,22,13,1914,-26.8,0.16,1
13466,7,22,15,1900,-26.4,0.16,1
13472,9,22,12,1889,-25.6,0.19,1
13477,9,22,5,1851,-25.2,0.2,1
13481,10,22,14,1815,-24.4,0.22,1
13486,11,22,17,1782,-24,0.24,1
13491,12,22,17,1774,-23.2,0.27,1
13496,13,22,23,1744,-22.8,0.28,1
13501,15,22,20,1727,-22,0.32,1
13506,16,22,20,1705,-21.6,0.34,1
13510,18,22,25,1722,-20.8,0.38,1
13516,19,22,17,1738,-20.4,0.4,1
13521,20,22,23,1777,-20,0.42,1
13526,22,22,19,1793,-19.2,0.46,1
13531,23,22,27,1820,-18.8,0.49,1
13536,26,22,19,1919,-18,0.54,1
13541,27,22,17,2062,-17.6,0.56,1
13546,29,22,23,2158,-16.8,0.62,1
13550,32,22,18,2301,-16,0.68,1
13556,35,22,21,2397,-15.2,0.74,1
13561,38,22,27,2562,-14.4,0.8,1
13566,41,22,30,2697,-13.6,0.87,1
13571,45,22,32,2815,-12.8,0.93,1
13576,48,22,37,2933,-11.6,1,1
13580,48,22,46,3084,-10.8,1,1
13585,48,22,40,3164,-9.6,1,1
13590,48,22,40,3216,-8.8,1,1
13595,48,22,47,3320,-7.6,1,1
13601,48,22,45,3339,-6.4,1,1
13605,48,22,42,3460,-5.6,1,1
13610,-92,22,37,3589,-4.4,-1.91,0
13616,-79,22,-23,3394,-2.8,-1.64,0
13623,-70,22,-22,2741,-1.2,-1.45,0
13629,-68,22,3,2186,0,-1.41,0
13633,-68,22,3,1496,0,-1.41,0
13637,-68,22,36,299,0.4,-1.42,0
13643,-68,22,18,-744,0.4,-1.42,0
13649,-68,22,4,-1189,0,-1.41,0
13653,-68,22,0,-1540,0,-1.41,0
13657,-68,22,-9,-1730,0,-1.41,0
13661,-69,22,-28,-1961,-0.8,-1.43,0
13667,-72,22,-58,-2123,-1.6,-1.49,0
13673,-76,22,-43,-2265,-2.4,-1.59,0
13679,-82,22,-63,-2480,-3.2,-1.7,0
13687,-92,22,-57,-2653,-4.4,-1.91,0
13693,-103,22,-76,-2787,-5.6,-2.13,0
13699,-114,22,-102,-2966,-6.8,-2.37,0
13706,-127,22,-110,-3007,-8,-2.62,0
13711,-140,22,-128,-3087,-9.2,-2.89,0
13718,-154,22,-142,-3062,-10.4,-3.19,0
13724,-175,22,-158,-3054,-12,-3.63,0
13732,-193,22,-188,-3045,-13.2,-3.98,0
13738,-211,22,-196,-3043,-14.4,-4.37,0
13745,-238,22,-206,-3142,-16,-4.92,0
13751,-259,22,-219,-3254,-17.2,-5.35,0
13757,-287,22,-247,-3501,-18.8,-5.93,0
13764,-308,22,-249,-3793,-20,-6.37,0
13771,-342,22,-279,-4246,-22,-7.07,0
13777,-367,22,-304,-4787,-23.6,-7.58,0
13784,-394,22,-315,-5322,-25.6,-8.13,0
13790,-417,22,-348,-5927,-28,-8.62,0
13797,-432,22,-386,-6539,-30.8,-8.92,0
13803,-433,22,-342,-7039,-33.6,-8.94,0
13810,-420,22,-320,-7171,-36.8,-8.67,0
13817,-397,22,-328,-7031,-40,-8.21,0
13823,-374,22,-326,-6913,-42.8,-7.72,0
13830,-347,22,-378,-6863,-46,-7.16,0
13836,-324,22,-392,-6767,-49.2,-6.69,0
13843,-305,22,-433,-6720,-52,-6.3,0
13849,-284,22,-365,-6303,-54.8,-5.87,0
13856,-266,22,-352,-5740,-57.6,-5.5,0
13863,-243,22,-337,-5083,-60.4,-5.02,0
13869,-227,22,-293,-4435,-62.4,-4.68,0
13876,-217,22,-261,-3839,-64.4,-4.48,0
13882,-202,22,-245,-3556,-66,-4.17,0
13889,-197,22,-236,-3273,-67.6,-4.07,0
13895,-173,22,-220,-3147,-69.2,-3.59,0
13903,25,22,-199,-2988,-70.8,0.53,1
13908,28,22,-50,-2362,-71.6,0.58,1
13913,30,22,-38,-1801,-72.4,0.63,1
13917,32,22,-28,-1271,-72.8,0.66,1
13922,33,22,-33,-769,-73.2,0.7,1
13927,35,22,-19,-406,-73.6,0.73,1
13932,35,22,-19,-118,-73.6,0.73,1
13937,35,22,5,107,-73.6,0.73,1
13943,35,22,16,222,-73.6,0.73,1
13947,35,22,26,271,-73.6,0.73,1
13952,35,22,31,307,-73.6,0.73,1
13957,35,22,23,365,-73.6,0.73,1
13962,33,22,32,428,-73.2,0.7,1
13967,33,22,28,488,-73.2,0.7,1
13971,33,22,29,505,-73.2,0.7,1
13976,32,22,32,576,-72.8,0.66,1
13982,32,22,24,656,-72.8,0.66,1
13987,30,22,33,681,-72.4,0.63,1
13992,30,22,25,738,-72.4,0.63,1
13997,29,22,31,785,-72,0.61,1
14001,28,22,32,807,-71.6,0.58,1
14006,28,22,15,876,-71.6,0.58,1
14011,27,22,27,900,-71.2,0.56,1
14016,25,22,33,950,-70.8,0.53,1
14021,24,22,29,964,-70.4,0.51,1
14026,24,22,15,1013,-70.4,0.51,1
14031,23,22,25,1027,-70,0.49,1
14036,23,22,23,1054,-69.6,0.47,1
14041,22,22,14,1071,-69.2,0.46,1
14046,21,22,20,1079,-68.8,0.44,1
14051,20,22,20,1126,-68.4,0.43,1
14056,20,22,27,1128,-68,0.41,1
14061,19,22,26,1156,-67.6,0.4,1
14065,18,22,23,1170,-67.2,0.39,1
14071,18,22,24,1159,-66.8,0.38,1
14076,17,22,24,1189,-66.4,0.37,1
14081,17,22,23,1189,-66,0.36,1
14086,16,22,23,1181,-65.6,0.35,1
14091,16,22,22,1197,-65.2,0.34,1
14096,16,22,22,1238,-64.8,0.33,1
14101,15,22,26,1219,-64.4,0.33,1
14106,15,22,23,1241,-64,0.32,1
14111,15,22,16,1246,-63.6,0.32,1
14116,15,22,12,1219,-63.2,0.31,1
14121,14,22,2,1293,-62.8,0.31,1
14126,14,22,15,1387,-62.4,0.3,1
14131,14,22,13,1370,-62,0.3,1
14136,14,22,18,1356,-61.6,0.29,1
14140,14,22,18,1370,-61.2,0.29,1
14145,13,22,9,1483,-60.8,0.29,1
14150,13,22,7,1598,-60.4,0.28,1
14156,13,22,5,1752,-59.6,0.28,1
14161,13,22,13,1911,-59.2,0.28,1
14166,13,22,0,2048,-58.4,0.27,1
14170,13,22,1,2189,-57.6,0.27,1
14175,12,22,2,2318,-57.2,0.27,1
14180,12,22,-2,2466,-56.4,0.26,1
14185,12,22,5,2606,-55.6,0.26,1
14190,12,22,6,2675,-54.8,0.25,1
14196,11,22,1,2763,-53.6,0.25,1
14200,11,22,7,2837,-52.8,0.24,1
14205,11,22,8,2867,-52,0.24,1
14210,11,22,5,2870,-50.8,0.23,1
14215,10,22,13,2916,-50,0.22,1
14219,10,22,12,2900,-49.2,0.21,1
14224,9,22,13,2872,-48,0.2,1
14229,9,22,17,2872,-47.2,0.19,1
14234,9,22,17,2834,-46.4,0.19,1
14240,8,22,7,2774,-45.2,0.17,1
14244,7,22,17,2749,-44.4,0.16,1
14249,7,22,1,2738,-43.6,0.15,1
14254,7,22,16,2694,-42.8,0.15,1
14259,6,22,6,2672,-41.6,0.13,1
14263,5,22,13,2677,-40.8,0.12,1
14268,5,22,17,2633,-40,0.12,1
14273,5,22,21,2601,-39.2,0.11,1
14278,4,22,9,2568,-38.4,0.1,1
14284,4,22,12,2565,-37.6,0.09,1
14288,4,22,13,2515,-36.8,0.09,1
14293,4,22,5,2477,-36,0.08,1
14298,3,22,12,2480,-35.2,0.08,1
14303,3,22,11,2427,-34.4,0.08,1
14308,3,22,2,2364,-33.6,0.08,1
14312,3,22,10,2342,-32.8,0.08,1
14317,4,22,19,2320,-32,0.08,1
14322,4,22,15,2260,-31.2,0.09,1
14328,4,22,17,2213,-30.4,0.1,1
14332,5,22,5,2189,-29.6,0.11,1
14337,5,22,13,2175,-28.8,0.12,1
14342,5,22,-1,2145,-28.4,0.12,1
14347,6,22,7,2081,-27.6,0.14,1
14352,7,22,11,2029,-26.8,0.16,1
14356,8,22,3,2037,-26,0.18,1
14361,9,22,12,2021,-25.6,0.19,1
14367,10,22,14,1985,-24.8,0.21,1
14372,10,22,17,1944,-24.4,0.22,1
14377,12,22,14,1922,-23.6,0.25,1
14381,13,22,20,1917,-22.8,0.28,1
14386,14,22,13,1903,-22.4,0.3,1
14391,16,22,14,1886,-21.6,0.34,1
14396,17,22,22,1875,-21.2,0.36,1
14401,19,22,9,1886,-20.4,0.4,1
14406,20,22,22,1914,-20,0.42,1
14411,22,22,23,1933,-19.2,0.46,1
14416,24,22,19,1941,-18.4,0.51,1
14421,26,22,24,2046,-18,0.54,1
14426,28,22,8,2197,-17.2,0.59,1
14431,31,22,20,2290,-16.4,0.65,1
14436,34,22,24,2400,-15.6,0.71,1
14441,37,22,28,2504,-14.8,0.77,1
14445,40,22,27,2680,-14,0.83,1
14450,43,22,39,2771,-13.2,0.9,1
14456,47,22,30,2856,-12.4,0.97,1
14461,48,22,38,2958,-11.2,1,1
14466,48,22,40,3034,-10.4,1,1
14471,48,22,40,3062,-9.2,1,1
14476,48,22,33,3164,-8.4,1,1
14480,48,22,47,3268,-7.2,1,1
14485,48,22,42,3339,-6.4,1,1
14490,48,22,46,3455,-5.2,1,1
14496,-89,22,54,3529,-4,-1.84,0
14502,-76,22,-38,3359,-2.4,-1.59,0
14508,-70,22,-15,2653,-1.2,-1.45,0
14514,-68,22,-1,2068,0,-1.41,0
14518,-68,22,7,1307,0,-1.41,0
14522,-68,22,39,52,0.4,-1.42,0
14528,-68,22,16,-887,0.4,-1.42,0
14533,-68,22,4,-1307,0,-1.41,0
14538,-68,22,1,-1628,0,-1.41,0
14542,-68,22,-23,-1892,-0.4,-1.41,0
14548,-70,22,-54,-2076,-1.2,-1.45,0
14554,-74,22,-53,-2224,-2,-1.54,0
14560,-79,22,-68,-2384,-2.8,-1.64,0
14567,-89,22,-71,-2587,-4,-1.84,0
14572,-95,22,-79,-2735,-4.8,-1.98,0
14580,-106,22,-93,-2927,-6,-2.21,0
14586,-118,22,-111,-3007,-7.2,-2.45,0
14592,-135,22,-121,-3032,-8.8,-2.8,0
14599,-149,22,-141,-3056,-10,-3.09,0
14605,-164,22,-153,-3015,-11.2,-3.4,0
14612,-187,22,-177,-2988,-12.8,-3.86,0
14618,-205,22,-193,-2900,-14,-4.24,0
14625,-224,22,-211,-2944,-15.2,-4.64,0
14632,-245,22,-220,-3007,-16.4,-5.06,0
14639,-273,22,-227,-3172,-18,-5.64,0
14645,-294,22,-251,-3435,-19.2,-6.08,0
14651,-322,22,-274,-3790,-20.8,-6.66,0
14658,-349,22,-283,-4218,-22.4,-7.21,0
14665,-379,22,-310,-4779,-24.4,-7.82,0
14672,-403,22,-324,-5311,-26.4,-8.32,0
14678,-423,22,-359,-5940,-28.8,-8.73,0
14684,-433,22,-377,-6660,-31.2,-8.94,0
14691,-431,22,-306,-7113,-34.4,-8.89,0
14697,-415,22,-286,-7108,-37.6,-8.56,0
14704,-394,22,-306,-7042,-40.4,-8.13,0
14711,-367,22,-329,-6828,-43.6,-7.58,0
14718,-340,22,-379,-6814,-46.8,-7.03,0
14724,-320,22,-406,-6795,-49.6,-6.61,0
14730,-301,22,-362,-6525,-52.4,-6.22,0
14737,-280,22,-345,-6064,-55.6,-5.78,0
14743,-263,22,-338,-5429,-58,-5.44,0
14751,-243,22,-308,-4839,-60.4,-5.02,0
14757,-224,22,-294,-4221,-62.8,-4.63,0
14764,-210,22,-268,-3674,-64.8,-4.33,0
14770,-192,22,-243,-3386,-66.4,-3.98,0
14777,-187,22,-222,-3065,-68,-3.87,0
14783,-173,22,-212,-2878,-69.2,-3.59,0
14790,24,22,-189,-2741,-70.4,0.51,1
14796,27,22,-47,-2142,-71.2,0.56,1
14801,29,22,-39,-1612,-72,0.61,1
14805,30,22,-34,-1150,-72.4,0.63,1
14810,32,22,-19,-766,-72.8,0.66,1
14815,33,22,-14,-433,-73.2,0.7,1
14820,33,22,-15,-175,-73.2,0.7,1
14825,33,22,11,0,-73.2,0.7,1
14830,33,22,16,109,-73.2,0.7,1
14834,33,22,21,175,-73.2,0.7,1
14840,33,22,26,247,-73.2,0.7,1
14845,33,22,30,299,-73.2,0.7,1
14850,33,22,35,315,-73.2,0.7,1
14855,33,22,31,351,-73.2,0.7,1
14859,32,22,32,414,-72.8,0.66,1
14864,32,22,11,486,-72.8,0.66,1
14869,30,22,23,554,-72.4,0.63,1
14874,30,22,36,590,-72.4,0.63,1
14880,30,22,26,648,-72.4,0.63,1
14884,29,22,34,686,-72,0.61,1
14889,28,22,30,714,-71.6,0.58,1
14894,28,22,24,777,-71.6,0.58,1
14899,27,22,23,796,-71.2,0.56,1
14904,27,22,25,851,-71.2,0.56,1
14908,25,22,29,892,-70.8,0.53,1
14913,24,22,24,911,-70.4,0.51,1
14918,23,22,21,944,-70,0.49,1
14924,23,22,23,966,-70,0.49,1
14929,23,22,24,980,-69.6,0.47,1
14934,22,22,22,1013,-69.2,0.46,1
14938,21,22,26,1016,-68.8,0.44,1
14943,20,22,24,1060,-68.4,0.43,1
14948,20,22,27,1068,-68,0.41,1
14953,20,22,24,1106,-68,0.41,1
14958,19,22,23,1117,-67.6,0.4,1
14964,18,22,24,1115,-67.2,0.39,1
14969,18,22,17,1159,-66.8,0.38,1
14974,17,22,24,1134,-66.4,0.37,1
14978,17,22,22,1150,-66,0.36,1
14983,16,22,22,1161,-65.6,0.35,1
14988,16,22,20,1186,-65.2,0.34,1
14993,16,22,18,1194,-64.8,0.33,1
14998,15,22,19,1233,-64.4,0.33,1
15003,15,22,16,1277,-64,0.32,1
15009,15,22,15,1334,-63.6,0.32,1
15014,15,22,16,1329,-63.2,0.31,1
15018,14,22,23,1318,-62.8,0.31,1
15023,14,22,21,1323,-62.4,0.3,1
15028,14,22,16,1452,-61.6,0.29,1
15033,14,22,11,1587,-61.2,0.29,1
15038,13,22,0,1733,-60.8,0.29,1
15043,13,22,5,1831,-60,0.28,1
15049,13,22,6,1969,-59.6,0.28,1
15053,13,22,4,2139,-58.8,0.27,1
15058,13,22,0,2246,-58.4,0.27,1
15063,13,22,-2,2329,-57.6,0.27,1
15068,12,22,6,2414,-56.8,0.26,1
15073,12,22,0,2524,-56,0.26,1
15078,12,22,-3,2554,-55.2,0.26,1
15082,12,22,1,2570,-54.4,0.25,1
15087,11,22,4,2609,-53.2,0.24,1
15093,11,22,3,2636,-52.4,0.24,1
15098,11,22,-1,2598,-51.6,0.23,1
15102,11,22,9,2570,-50.8,0.23,1
15107,10,22,7,2584,-50,0.22,1
15112,10,22,7,2529,-49.2,0.21,1
15117,10,22,14,2460,-48.4,0.21,1
15122,9,22,5,2414,-47.6,0.2,1
15126,9,22,5,2367,-46.8,0.19,1
15131,8,22,3,2301,-46,0.18,1
15137,8,22,1,2221,-45.2,0.17,1
15142,7,22,4,2164,-44.4,0.16,1
15146,7,22,-1,2117,-44,0.16,1
15151,7,22,4,2015,-43.2,0.15,1
15156,6,22,4,1928,-42.4,0.14,1
15161,6,22,-1,1851,-42,0.14,1
15165,6,22,1,1777,-41.2,0.13,1
15170,5,22,5,1678,-40.8,0.12,1
15175,5,22,-10,1573,-40,0.12,1
15181,5,22,-7,1463,-39.6,0.11,1
15185,5,22,-22,1343,-39.2,0.11,1
15190,5,22,-26,1197,-38.8,0.1,1
15195,4,22,-16,1054,-38.4,0.1,1
